segment_id,forecast_day,daily_hazard,survival_probability,cumulative_failure_probability
SEG-049,1,1.689646887825802e-05,0.9999831035311217,1.689646887825802e-05
SEG-049,2,1.689646887825802e-05,0.9999662073477341,3.3792652265884904e-05
SEG-049,3,1.689646887825802e-05,0.9999493114498323,5.068855016765461e-05
SEG-049,4,1.689646887825802e-05,0.9999324158374115,6.758416258845212e-05
SEG-049,5,1.689646887825802e-05,0.999915520510467,8.44794895330514e-05
SEG-049,6,1.689646887825802e-05,0.9998986254689938,0.0001013745310062264
SEG-049,7,1.689646887825802e-05,0.9998817307129871,0.0001182692870128621
SEG-049,8,1.689646887825802e-05,0.9998648362424422,0.0001351637575578435
SEG-049,9,1.689646887825802e-05,0.9998479420573542,0.0001520579426458335
SEG-049,10,1.689646887825802e-05,0.9998310481577182,0.00016895184228182814
SEG-049,11,1.689646887825802e-05,0.9998141545435295,0.00018584545647049033
SEG-049,12,1.689646887825802e-05,0.9997972612147832,0.0002027387852168161
SEG-049,13,1.689646887825802e-05,0.9997803681714745,0.00021963182852546836
SEG-049,14,1.689646887825802e-05,0.9997634754135987,0.00023652458640133212
SEG-049,15,1.689646887825802e-05,0.9997465829411507,0.00025341705884929233
SEG-049,16,1.689646887825802e-05,0.9997296907541259,0.00027030924587412297
SEG-049,17,1.689646887825802e-05,0.9997127988525194,0.000287201147480598
SEG-049,18,1.689646887825802e-05,0.9996959072363264,0.0003040927636736024
SEG-049,19,1.689646887825802e-05,0.9996790159055421,0.0003209840944579101
SEG-049,20,1.689646887825802e-05,0.9996621248601616,0.0003378751398384061
SEG-049,21,1.689646887825802e-05,0.9996452341001801,0.0003547658998198644
SEG-049,22,1.689646887825802e-05,0.9996283436255928,0.0003716563744071699
SEG-049,23,1.689646887825802e-05,0.9996114534363949,0.00038854656360509665
SEG-049,24,1.689646887825802e-05,0.9995945635325816,0.00040543646741841854
SEG-049,25,1.689646887825802e-05,0.999577673914148,0.0004223260858520206
SEG-049,26,1.689646887825802e-05,0.9995607845810893,0.0004392154189106767
SEG-049,27,1.689646887825802e-05,0.9995438955334007,0.00045610446659927195
SEG-049,28,1.689646887825802e-05,0.9995270067710774,0.0004729932289225802
SEG-049,29,1.689646887825802e-05,0.9995101182941145,0.0004898817058854865
SEG-049,30,1.689646887825802e-05,0.9994932301025072,0.0005067698974927648
SEG-025,1,8.692818482813891e-06,0.9999913071815172,8.692818482813891e-06
SEG-025,2,8.692818482813891e-06,0.9999826144385995,1.7385561400518057e-05
SEG-025,3,8.692818482813891e-06,0.9999739217712462,2.6078228753778632e-05
SEG-025,4,8.692818482813891e-06,0.9999652291794567,3.477082054326175e-05
SEG-025,5,8.692818482813891e-06,0.9999565366632304,4.346333676963354e-05
SEG-025,6,8.692818482813891e-06,0.9999478442225664,5.2155777433560147e-05
SEG-025,7,8.692818482813891e-06,0.9999391518574643,6.0848142535707694e-05
SEG-025,8,8.692818482813891e-06,0.9999304595679234,6.95404320766313e-05
SEG-025,9,8.692818482813891e-06,0.9999217673539429,7.823264605710811e-05
SEG-025,10,8.692818482813891e-06,0.9999130752155223,8.692478447769325e-05
SEG-025,11,8.692818482813891e-06,0.9999043831526608,9.561684733916387e-05
SEG-025,12,8.692818482813891e-06,0.9998956911653579,0.00010430883464207508
SEG-025,13,8.692818482813891e-06,0.9998869992536129,0.00011300074638709301
SEG-025,14,8.692818482813891e-06,0.9998783074174251,0.0001216925825748838
SEG-025,15,8.692818482813891e-06,0.9998696156567939,0.00013038434320611358
SEG-025,16,8.692818482813891e-06,0.9998609239717186,0.0001390760282814485
SEG-025,17,8.692818482813891e-06,0.9998522323621984,0.00014776763780155466
SEG-025,18,8.692818482813891e-06,0.9998435408282329,0.00015645917176709823
SEG-025,19,8.692818482813891e-06,0.9998348493698213,0.00016515063017874532
SEG-025,20,8.692818482813891e-06,0.9998261579869628,0.00017384201303716207
SEG-025,21,8.692818482813891e-06,0.9998174666796571,0.0001825333203429036
SEG-025,22,8.692818482813891e-06,0.9998087754479033,0.00019122455209674705
SEG-025,23,8.692818482813891e-06,0.9998000842917008,0.00019991570829924754
SEG-025,24,8.692818482813891e-06,0.9997913932110489,0.0002086067889510712
SEG-025,25,8.692818482813891e-06,0.9997827022059471,0.00021729779405288419
SEG-025,26,8.692818482813891e-06,0.9997740112763945,0.00022598872360546363
SEG-025,27,8.692818482813891e-06,0.9997653204223906,0.00023467957760936464
SEG-025,28,8.692818482813891e-06,0.9997566296439347,0.00024337035606525337
SEG-025,29,8.692818482813891e-06,0.9997479389410263,0.0002520610589736849
SEG-025,30,8.692818482813891e-06,0.9997392483136646,0.00026075168633543644
SEG-047,1,1.690102908469271e-05,0.9999830989709153,1.690102908469271e-05
SEG-047,2,1.690102908469271e-05,0.9999661982274753,3.380177252465533e-05
SEG-047,3,1.690102908469271e-05,0.9999492977696753,5.070223032466181e-05
SEG-047,4,1.690102908469271e-05,0.9999323975975105,6.760240248948612e-05
SEG-047,5,1.690102908469271e-05,0.999915497710976,8.450228902401324e-05
SEG-047,6,1.690102908469271e-05,0.999898598110067,0.00010140188993301713
SEG-047,7,1.690102908469271e-05,0.9998816987947786,0.00011830120522138277
SEG-047,8,1.690102908469271e-05,0.999864799765106,0.00013520023489399513
SEG-047,9,1.690102908469271e-05,0.9998479010210444,0.00015209897895562818
SEG-047,10,1.690102908469271e-05,0.9998310025625889,0.00016899743741105588
SEG-047,11,1.690102908469271e-05,0.9998141043897348,0.00018589561026516321
SEG-047,12,1.690102908469271e-05,0.9997972065024773,0.00020279349752272413
SEG-047,13,1.690102908469271e-05,0.9997803089008114,0.00021969109918862362
SEG-047,14,1.690102908469271e-05,0.9997634115847324,0.00023658841526763563
SEG-047,15,1.690102908469271e-05,0.9997465145542354,0.00025348544576464516
SEG-047,16,1.690102908469271e-05,0.9997296178093156,0.00027038219068442615
SEG-047,17,1.690102908469271e-05,0.9997127213499681,0.0002872786500318636
SEG-047,18,1.690102908469271e-05,0.9996958251761883,0.00030417482381173144
SEG-047,19,1.690102908469271e-05,0.9996789292879711,0.0003210707120289147
SEG-047,20,1.690102908469271e-05,0.9996620336853118,0.0003379663146881873
SEG-047,21,1.690102908469271e-05,0.9996451383682057,0.0003548616317943232
SEG-047,22,1.690102908469271e-05,0.9996282433366478,0.00037175666335220736
SEG-047,23,1.690102908469271e-05,0.9996113485906333,0.0003886514093667248
SEG-047,24,1.690102908469271e-05,0.9995944541301574,0.0004055458698426495
SEG-047,25,1.690102908469271e-05,0.9995775599552152,0.0004224400447847554
SEG-047,26,1.690102908469271e-05,0.9995606660658021,0.00043933393419792743
SEG-047,27,1.690102908469271e-05,0.999543772461913,0.00045622753808705063
SEG-047,28,1.690102908469271e-05,0.9995268791435431,0.00047312085645689894
SEG-047,29,1.690102908469271e-05,0.9995099861106878,0.0004900138893122463
SEG-047,30,1.690102908469271e-05,0.999493093363342,0.0005069066366579777
SEG-020,1,0.00013462346396408975,0.9998653765360359,0.00013462346396408975
SEG-020,2,0.00013462346396408975,0.9997307711955489,0.00026922880445112707
SEG-020,3,0.00013462346396408975,0.9995961839760991,0.00040381602390093807
SEG-020,4,0.00013462346396408975,0.9994616148752469,0.0005383851247531268
SEG-020,5,0.00013462346396408975,0.9993270638905533,0.0006729361094467423
SEG-020,6,0.00013462346396408975,0.9991925310195793,0.0008074689804207225
SEG-020,7,0.00013462346396408975,0.9990580162598863,0.0009419837401136721
SEG-020,8,0.00013462346396408975,0.9989235196090364,0.0010764803909636411
SEG-020,9,0.00013462346396408975,0.9987890410645914,0.0012109589354085681
SEG-020,10,0.00013462346396408975,0.9986545806241139,0.0013454193758860589
SEG-020,11,0.00013462346396408975,0.9985201382851667,0.0014798617148332749
SEG-020,12,0.00013462346396408975,0.9983857140453128,0.0016142859546871557
SEG-020,13,0.00013462346396408975,0.9982513079021158,0.0017486920978841969
SEG-020,14,0.00013462346396408975,0.9981169198531393,0.0018830801468606717
SEG-020,15,0.00013462346396408975,0.9979825498959475,0.0020174501040525206
SEG-020,16,0.00013462346396408975,0.9978481980281048,0.0021518019718952397
SEG-020,17,0.00013462346396408975,0.9977138642471759,0.0022861357528241033
SEG-020,18,0.00013462346396408975,0.997579548550726,0.0024204514492740525
SEG-020,19,0.00013462346396408975,0.9974452509363203,0.0025547490636796955
SEG-020,20,0.00013462346396408975,0.9973109714015247,0.002689028598475307
SEG-020,21,0.00013462346396408975,0.9971767099439053,0.0028232900560947183
SEG-020,22,0.00013462346396408975,0.9970424665610284,0.002957533438971649
SEG-020,23,0.00013462346396408975,0.9969082412504606,0.003091758749539375
SEG-020,24,0.00013462346396408975,0.9967740340097692,0.003225965990230839
SEG-020,25,0.00013462346396408975,0.9966398448365213,0.003360155163478651
SEG-020,26,0.00013462346396408975,0.9965056737282848,0.003494326271715198
SEG-020,27,0.00013462346396408975,0.9963715206826276,0.003628479317372424
SEG-020,28,0.00013462346396408975,0.9962373856971181,0.003762614302881939
SEG-020,29,0.00013462346396408975,0.996103268769325,0.0038967312306750213
SEG-020,30,0.00013462346396408975,0.9959691698968173,0.004030830103182725
SEG-019,1,1.689646887825802e-05,0.9999831035311217,1.689646887825802e-05
SEG-019,2,1.689646887825802e-05,0.9999662073477341,3.3792652265884904e-05
SEG-019,3,1.689646887825802e-05,0.9999493114498323,5.068855016765461e-05
SEG-019,4,1.689646887825802e-05,0.9999324158374115,6.758416258845212e-05
SEG-019,5,1.689646887825802e-05,0.999915520510467,8.44794895330514e-05
SEG-019,6,1.689646887825802e-05,0.9998986254689938,0.0001013745310062264
SEG-019,7,1.689646887825802e-05,0.9998817307129871,0.0001182692870128621
SEG-019,8,1.689646887825802e-05,0.9998648362424422,0.0001351637575578435
SEG-019,9,1.689646887825802e-05,0.9998479420573542,0.0001520579426458335
SEG-019,10,1.689646887825802e-05,0.9998310481577182,0.00016895184228182814
SEG-019,11,1.689646887825802e-05,0.9998141545435295,0.00018584545647049033
SEG-019,12,1.689646887825802e-05,0.9997972612147832,0.0002027387852168161
SEG-019,13,1.689646887825802e-05,0.9997803681714745,0.00021963182852546836
SEG-019,14,1.689646887825802e-05,0.9997634754135987,0.00023652458640133212
SEG-019,15,1.689646887825802e-05,0.9997465829411507,0.00025341705884929233
SEG-019,16,1.689646887825802e-05,0.9997296907541259,0.00027030924587412297
SEG-019,17,1.689646887825802e-05,0.9997127988525194,0.000287201147480598
SEG-019,18,1.689646887825802e-05,0.9996959072363264,0.0003040927636736024
SEG-019,19,1.689646887825802e-05,0.9996790159055421,0.0003209840944579101
SEG-019,20,1.689646887825802e-05,0.9996621248601616,0.0003378751398384061
SEG-019,21,1.689646887825802e-05,0.9996452341001801,0.0003547658998198644
SEG-019,22,1.689646887825802e-05,0.9996283436255928,0.0003716563744071699
SEG-019,23,1.689646887825802e-05,0.9996114534363949,0.00038854656360509665
SEG-019,24,1.689646887825802e-05,0.9995945635325816,0.00040543646741841854
SEG-019,25,1.689646887825802e-05,0.999577673914148,0.0004223260858520206
SEG-019,26,1.689646887825802e-05,0.9995607845810893,0.0004392154189106767
SEG-019,27,1.689646887825802e-05,0.9995438955334007,0.00045610446659927195
SEG-019,28,1.689646887825802e-05,0.9995270067710774,0.0004729932289225802
SEG-019,29,1.689646887825802e-05,0.9995101182941145,0.0004898817058854865
SEG-019,30,1.689646887825802e-05,0.9994932301025072,0.0005067698974927648
SEG-018,1,7.081915100570768e-05,0.9999291808489943,7.081915100570768e-05
SEG-018,2,7.081915100570768e-05,0.9998583667133407,0.00014163328665928177
SEG-018,3,7.081915100570768e-05,0.9997875575926841,0.0002124424073158826
SEG-018,4,7.081915100570768e-05,0.9997167534866693,0.0002832465133306705
SEG-018,5,7.081915100570768e-05,0.9996459543949412,0.0003540456050588059
SEG-018,6,7.081915100570768e-05,0.9995751603171447,0.000424839682855338
SEG-018,7,7.081915100570768e-05,0.9995043712529246,0.0004956287470754273
SEG-018,8,7.081915100570768e-05,0.999433587201926,0.0005664127980740119
SEG-018,9,7.081915100570768e-05,0.9993628081637937,0.0006371918362062523
SEG-018,10,7.081915100570768e-05,0.9992920341381729,0.0007079658618270868
SEG-018,11,7.081915100570768e-05,0.9992212651247084,0.0007787348752915646
SEG-018,12,7.081915100570768e-05,0.9991505011230455,0.0008494988769545131
SEG-018,13,7.081915100570768e-05,0.999079742132829,0.0009202578671709816
SEG-018,14,7.081915100570768e-05,0.9990089881537042,0.0009910118462957973
SEG-018,15,7.081915100570768e-05,0.9989382391853161,0.0010617608146838986
SEG-018,16,7.081915100570768e-05,0.9988674952273099,0.0011325047726901127
SEG-018,17,7.081915100570768e-05,0.9987967562793307,0.001203243720669267
SEG-018,18,7.081915100570768e-05,0.9987260223410238,0.0012739776589761886
SEG-018,19,7.081915100570768e-05,0.9986552934120343,0.001344706587965705
SEG-018,20,7.081915100570768e-05,0.9985845694920075,0.0014154305079925322
SEG-018,21,7.081915100570768e-05,0.9985138505805886,0.0014861494194113867
SEG-018,22,7.081915100570768e-05,0.998443136677423,0.0015568633225769846
SEG-018,23,7.081915100570768e-05,0.9983724277821561,0.0016275722178439311
SEG-018,24,7.081915100570768e-05,0.9983017238944331,0.0016982761055669426
SEG-018,25,7.081915100570768e-05,0.9982310250138993,0.0017689749861007353
SEG-018,26,7.081915100570768e-05,0.9981603311402002,0.0018396688597998034
SEG-018,27,7.081915100570768e-05,0.9980896422729812,0.0019103577270187522
SEG-018,28,7.081915100570768e-05,0.9980189584118879,0.0019810415881120758
SEG-018,29,7.081915100570768e-05,0.9979482795565656,0.0020517204434343794
SEG-018,30,7.081915100570768e-05,0.9978776057066598,0.0021223942933401574
SEG-017,1,3.1937768653733656e-05,0.9999680622313463,3.1937768653733656e-05
SEG-017,2,3.1937768653733656e-05,0.9999361254827136,6.38745172863997e-05
SEG-017,3,3.1937768653733656e-05,0.9999041897540695,9.581024593052767e-05
SEG-017,4,3.1937768653733656e-05,0.9998722550453812,0.00012774495461875812
SEG-017,5,3.1937768653733656e-05,0.9998403213566163,0.0001596786433837316
SEG-017,6,3.1937768653733656e-05,0.9998083886877421,0.00019161131225786665
SEG-017,7,3.1937768653733656e-05,0.9997764570387262,0.0002235429612738038
SEG-017,8,3.1937768653733656e-05,0.9997445264095358,0.0002554735904641836
SEG-017,9,3.1937768653733656e-05,0.9997125968001385,0.0002874031998615356
SEG-017,10,3.1937768653733656e-05,0.9996806682105016,0.00031933178949838936
SEG-017,11,3.1937768653733656e-05,0.9996487406405927,0.0003512593594072744
SEG-017,12,3.1937768653733656e-05,0.9996168140903792,0.0003831859096208312
SEG-017,13,3.1937768653733656e-05,0.9995848885598284,0.0004151114401715894
SEG-017,14,3.1937768653733656e-05,0.9995529640489078,0.0004470359510921895
SEG-017,15,3.1937768653733656e-05,0.9995210405575848,0.0004789594424151611
SEG-017,16,3.1937768653733656e-05,0.999489118085827,0.0005108819141730336
SEG-017,17,3.1937768653733656e-05,0.9994571966336017,0.0005428033663983367
SEG-017,18,3.1937768653733656e-05,0.9994252762008763,0.0005747237991237109
SEG-017,19,3.1937768653733656e-05,0.9993933567876183,0.0006066432123816856
SEG-017,20,3.1937768653733656e-05,0.9993614383937951,0.0006385616062049015
SEG-017,21,3.1937768653733656e-05,0.9993295210193742,0.0006704789806257772
SEG-017,22,3.1937768653733656e-05,0.999297604664323,0.000702395335676953
SEG-017,23,3.1937768653733656e-05,0.999265689328609,0.0007343106713909586
SEG-017,24,3.1937768653733656e-05,0.9992337750121997,0.0007662249878003236
SEG-017,25,3.1937768653733656e-05,0.9992018617150623,0.0007981382849376883
SEG-017,26,3.1937768653733656e-05,0.9991699494371645,0.0008300505628354715
SEG-017,27,3.1937768653733656e-05,0.9991380381784737,0.0008619618215263136
SEG-017,28,3.1937768653733656e-05,0.9991061279389571,0.0008938720610428552
SEG-017,29,3.1937768653733656e-05,0.9990742187185825,0.0009257812814175148
SEG-017,30,3.1937768653733656e-05,0.9990423105173172,0.000957689482682822
SEG-016,1,2.9734979761997238e-05,0.999970265020238,2.9734979761997238e-05
SEG-016,2,2.9734979761997238e-05,0.9999405309246451,5.9469075354923184e-05
SEG-016,3,2.9734979761997238e-05,0.9999107977131948,8.920228680520115e-05
SEG-016,4,2.9734979761997238e-05,0.999881065385861,0.00011893461413903239
SEG-016,5,2.9734979761997238e-05,0.9998513339426173,0.0001486660573827292
SEG-016,6,2.9734979761997238e-05,0.9998216033834375,0.00017839661656249284
SEG-016,7,2.9734979761997238e-05,0.9997918737082953,0.0002081262917047466
SEG-016,8,2.9734979761997238e-05,0.9997621449171643,0.0002378550828356918
SEG-016,9,2.9734979761997238e-05,0.9997324170100184,0.00026758298998164065
SEG-016,10,2.9734979761997238e-05,0.9997026899868312,0.00029731001316879446
SEG-016,11,2.9734979761997238e-05,0.9996729638475764,0.00032703615242357653
SEG-016,12,2.9734979761997238e-05,0.9996432385922278,0.0003567614077721881
SEG-016,13,2.9734979761997238e-05,0.9996135142207591,0.0003864857792409415
SEG-016,14,2.9734979761997238e-05,0.9995837907331439,0.000416209266856149
SEG-016,15,2.9734979761997238e-05,0.999554068129356,0.00044593187064401185
SEG-016,16,2.9734979761997238e-05,0.9995243464093692,0.00047565359063084234
SEG-016,17,2.9734979761997238e-05,0.999494625573157,0.0005053744268429528
SEG-016,18,2.9734979761997238e-05,0.9994649056206935,0.0005350943793065444
SEG-016,19,2.9734979761997238e-05,0.999435186551952,0.0005648134480480405
SEG-016,20,2.9734979761997238e-05,0.9994054683669064,0.0005945316330936423
SEG-016,21,2.9734979761997238e-05,0.9993757510655304,0.0006242489344695512
SEG-016,22,2.9734979761997238e-05,0.9993460346477979,0.0006539653522020794
SEG-016,23,2.9734979761997238e-05,0.9993163191136825,0.0006836808863175392
SEG-016,24,2.9734979761997238e-05,0.9992866044631578,0.0007133955368422429
SEG-016,25,2.9734979761997238e-05,0.9992568906961976,0.0007431093038023917
SEG-016,26,2.9734979761997238e-05,0.9992271778127757,0.000772822187224298
SEG-016,27,2.9734979761997238e-05,0.9991974658128658,0.0008025341871341629
SEG-016,28,2.9734979761997238e-05,0.9991677546964417,0.0008322453035582988
SEG-016,29,2.9734979761997238e-05,0.999138044463477,0.000861955536523018
SEG-016,30,2.9734979761997238e-05,0.9991083351139454,0.0008916648860546328
SEG-015,1,1.690102908469271e-05,0.9999830989709153,1.690102908469271e-05
SEG-015,2,1.690102908469271e-05,0.9999661982274753,3.380177252465533e-05
SEG-015,3,1.690102908469271e-05,0.9999492977696753,5.070223032466181e-05
SEG-015,4,1.690102908469271e-05,0.9999323975975105,6.760240248948612e-05
SEG-015,5,1.690102908469271e-05,0.999915497710976,8.450228902401324e-05
SEG-015,6,1.690102908469271e-05,0.999898598110067,0.00010140188993301713
SEG-015,7,1.690102908469271e-05,0.9998816987947786,0.00011830120522138277
SEG-015,8,1.690102908469271e-05,0.999864799765106,0.00013520023489399513
SEG-015,9,1.690102908469271e-05,0.9998479010210444,0.00015209897895562818
SEG-015,10,1.690102908469271e-05,0.9998310025625889,0.00016899743741105588
SEG-015,11,1.690102908469271e-05,0.9998141043897348,0.00018589561026516321
SEG-015,12,1.690102908469271e-05,0.9997972065024773,0.00020279349752272413
SEG-015,13,1.690102908469271e-05,0.9997803089008114,0.00021969109918862362
SEG-015,14,1.690102908469271e-05,0.9997634115847324,0.00023658841526763563
SEG-015,15,1.690102908469271e-05,0.9997465145542354,0.00025348544576464516
SEG-015,16,1.690102908469271e-05,0.9997296178093156,0.00027038219068442615
SEG-015,17,1.690102908469271e-05,0.9997127213499681,0.0002872786500318636
SEG-015,18,1.690102908469271e-05,0.9996958251761883,0.00030417482381173144
SEG-015,19,1.690102908469271e-05,0.9996789292879711,0.0003210707120289147
SEG-015,20,1.690102908469271e-05,0.9996620336853118,0.0003379663146881873
SEG-015,21,1.690102908469271e-05,0.9996451383682057,0.0003548616317943232
SEG-015,22,1.690102908469271e-05,0.9996282433366478,0.00037175666335220736
SEG-015,23,1.690102908469271e-05,0.9996113485906333,0.0003886514093667248
SEG-015,24,1.690102908469271e-05,0.9995944541301574,0.0004055458698426495
SEG-015,25,1.690102908469271e-05,0.9995775599552152,0.0004224400447847554
SEG-015,26,1.690102908469271e-05,0.9995606660658021,0.00043933393419792743
SEG-015,27,1.690102908469271e-05,0.999543772461913,0.00045622753808705063
SEG-015,28,1.690102908469271e-05,0.9995268791435431,0.00047312085645689894
SEG-015,29,1.690102908469271e-05,0.9995099861106878,0.0004900138893122463
SEG-015,30,1.690102908469271e-05,0.999493093363342,0.0005069066366579777
SEG-014,1,0.00020769369439221919,0.9997923063056078,0.00020769369439221919
SEG-014,2,0.00020769369439221919,0.9995846557478862,0.00041534425211375847
SEG-014,3,0.00020769369439221919,0.9993770483178762,0.0006229516821237846
SEG-014,4,0.00020769369439221919,0.9991694840066203,0.000830515993379688
SEG-014,5,0.00020769369439221919,0.998961962805163,0.0010380371948369715
SEG-014,6,0.00020769369439221919,0.9987544847045507,0.001245515295449251
SEG-014,7,0.00020769369439221919,0.9985470496958316,0.0014529503041683656
SEG-014,8,0.00020769369439221919,0.9983396577700558,0.0016603422299441561
SEG-014,9,0.00020769369439221919,0.9981323089182753,0.0018676910817246872
SEG-014,10,0.00020769369439221919,0.9979250031315439,0.002074996868456136
SEG-014,11,0.00020769369439221919,0.9977177404009171,0.002282259599082903
SEG-014,12,0.00020769369439221919,0.9975105207174526,0.002489479282547391
SEG-014,13,0.00020769369439221919,0.9973033440722097,0.002696655927790337
SEG-014,14,0.00020769369439221919,0.9970962104562496,0.002903789543750368
SEG-014,15,0.00020769369439221919,0.9968891198606354,0.003110880139364558
SEG-014,16,0.00020769369439221919,0.9966820722764321,0.0033179277235678706
SEG-014,17,0.00020769369439221919,0.9964750676947065,0.0035249323052934933
SEG-014,18,0.00020769369439221919,0.9962681061065273,0.0037318938934727264
SEG-014,19,0.00020769369439221919,0.9960611875029649,0.0039388124970350935
SEG-014,20,0.00020769369439221919,0.9958543118750918,0.004145688124908231
SEG-014,21,0.00020769369439221919,0.995647479213982,0.004352520786017999
SEG-014,22,0.00020769369439221919,0.9954406895107117,0.00455931048928826
SEG-014,23,0.00020769369439221919,0.9952339427563589,0.0047660572436410975
SEG-014,24,0.00020769369439221919,0.9950272389420033,0.004972761057996711
SEG-014,25,0.00020769369439221919,0.9948205780587266,0.00517942194127341
SEG-014,26,0.00020769369439221919,0.9946139600976122,0.00538603990238784
SEG-014,27,0.00020769369439221919,0.9944073850497455,0.0055926149502545375
SEG-014,28,0.00020769369439221919,0.9942008529062136,0.005799147093786372
SEG-014,29,0.00020769369439221919,0.9939943636581057,0.006005636341894327
SEG-014,30,0.00020769369439221919,0.9937879172965125,0.006212082703487498
SEG-013,1,2.5730514607857913e-05,0.9999742694853921,2.5730514607857913e-05
SEG-013,2,2.5730514607857913e-05,0.9999485396328437,5.146036715630853e-05
SEG-013,3,2.5730514607857913e-05,0.9999228104423376,7.718955766244928e-05
SEG-013,4,2.5730514607857913e-05,0.9998970819138567,0.00010291808614326658
SEG-013,5,2.5730514607857913e-05,0.9998713540473841,0.00012864595261585787
SEG-013,6,2.5730514607857913e-05,0.9998456268429029,0.00015437315709709853
SEG-013,7,2.5730514607857913e-05,0.9998199003003958,0.00018009969960419703
SEG-013,8,2.5730514607857913e-05,0.9997941744198459,0.00020582558015413976
SEG-013,9,2.5730514607857913e-05,0.9997684492012361,0.00023155079876391316
SEG-013,10,2.5730514607857913e-05,0.9997427246445494,0.00025727535545061464
SEG-013,11,2.5730514607857913e-05,0.9997170007497688,0.0002829992502312306
SEG-013,12,2.5730514607857913e-05,0.9996912775168773,0.0003087224831227475
SEG-013,13,2.5730514607857913e-05,0.9996655549458577,0.0003344450541422628
SEG-013,14,2.5730514607857913e-05,0.9996398330366932,0.0003601669633067628
SEG-013,15,2.5730514607857913e-05,0.9996141117893667,0.000385888210633345
SEG-013,16,2.5730514607857913e-05,0.999588391203861,0.0004116087961389958
SEG-013,17,2.5730514607857913e-05,0.9995626712801593,0.00043732871984070165
SEG-013,18,2.5730514607857913e-05,0.9995369520182444,0.00046304798175555995
SEG-013,19,2.5730514607857913e-05,0.9995112334180994,0.0004887665819005571
SEG-013,20,2.5730514607857913e-05,0.9994855154797072,0.0005144845202927906
SEG-013,21,2.5730514607857913e-05,0.9994597982030509,0.0005402017969491357
SEG-013,22,2.5730514607857913e-05,0.9994340815881132,0.000565918411886801
SEG-013,23,2.5730514607857913e-05,0.9994083656348773,0.0005916343651226619
SEG-013,24,2.5730514607857913e-05,0.9993826503433262,0.0006173496566738157
SEG-013,25,2.5730514607857913e-05,0.9993569357134426,0.0006430642865573599
SEG-013,26,2.5730514607857913e-05,0.9993312217452098,0.00066877825479017
SEG-013,27,2.5730514607857913e-05,0.9993055084386107,0.0006944915613893432
SEG-013,28,2.5730514607857913e-05,0.999279795793628,0.0007202042063719771
SEG-013,29,2.5730514607857913e-05,0.999254083810245,0.0007459161897549471
SEG-013,30,2.5730514607857913e-05,0.9992283724884446,0.0007716275115553506
SEG-021,1,1.690102908469271e-05,0.9999830989709153,1.690102908469271e-05
SEG-021,2,1.690102908469271e-05,0.9999661982274753,3.380177252465533e-05
SEG-021,3,1.690102908469271e-05,0.9999492977696753,5.070223032466181e-05
SEG-021,4,1.690102908469271e-05,0.9999323975975105,6.760240248948612e-05
SEG-021,5,1.690102908469271e-05,0.999915497710976,8.450228902401324e-05
SEG-021,6,1.690102908469271e-05,0.999898598110067,0.00010140188993301713
SEG-021,7,1.690102908469271e-05,0.9998816987947786,0.00011830120522138277
SEG-021,8,1.690102908469271e-05,0.999864799765106,0.00013520023489399513
SEG-021,9,1.690102908469271e-05,0.9998479010210444,0.00015209897895562818
SEG-021,10,1.690102908469271e-05,0.9998310025625889,0.00016899743741105588
SEG-021,11,1.690102908469271e-05,0.9998141043897348,0.00018589561026516321
SEG-021,12,1.690102908469271e-05,0.9997972065024773,0.00020279349752272413
SEG-021,13,1.690102908469271e-05,0.9997803089008114,0.00021969109918862362
SEG-021,14,1.690102908469271e-05,0.9997634115847324,0.00023658841526763563
SEG-021,15,1.690102908469271e-05,0.9997465145542354,0.00025348544576464516
SEG-021,16,1.690102908469271e-05,0.9997296178093156,0.00027038219068442615
SEG-021,17,1.690102908469271e-05,0.9997127213499681,0.0002872786500318636
SEG-021,18,1.690102908469271e-05,0.9996958251761883,0.00030417482381173144
SEG-021,19,1.690102908469271e-05,0.9996789292879711,0.0003210707120289147
SEG-021,20,1.690102908469271e-05,0.9996620336853118,0.0003379663146881873
SEG-021,21,1.690102908469271e-05,0.9996451383682057,0.0003548616317943232
SEG-021,22,1.690102908469271e-05,0.9996282433366478,0.00037175666335220736
SEG-021,23,1.690102908469271e-05,0.9996113485906333,0.0003886514093667248
SEG-021,24,1.690102908469271e-05,0.9995944541301574,0.0004055458698426495
SEG-021,25,1.690102908469271e-05,0.9995775599552152,0.0004224400447847554
SEG-021,26,1.690102908469271e-05,0.9995606660658021,0.00043933393419792743
SEG-021,27,1.690102908469271e-05,0.999543772461913,0.00045622753808705063
SEG-021,28,1.690102908469271e-05,0.9995268791435431,0.00047312085645689894
SEG-021,29,1.690102908469271e-05,0.9995099861106878,0.0004900138893122463
SEG-021,30,1.690102908469271e-05,0.999493093363342,0.0005069066366579777
SEG-012,1,8.932829223340377e-05,0.9999106717077666,8.932829223340377e-05
SEG-012,2,8.932829223340377e-05,0.999821351395077,0.00017864860492300405
SEG-012,3,8.932829223340377e-05,0.9997320390612183,0.00026796093878167504
SEG-012,4,8.932829223340377e-05,0.9996427347054779,0.0003572652945220689
SEG-012,5,8.932829223340377e-05,0.9995534383271432,0.0004465616728568378
SEG-012,6,8.932829223340377e-05,0.9994641499255014,0.0005358500744986339
SEG-012,7,8.932829223340377e-05,0.99937486949984,0.0006251305001599983
SEG-012,8,8.932829223340377e-05,0.9992855970494466,0.0007144029505533611
SEG-012,9,8.932829223340377e-05,0.9991963325736087,0.0008036674263912635
SEG-012,10,8.932829223340377e-05,0.9991070760716141,0.0008929239283859136
SEG-012,11,8.932829223340377e-05,0.9990178275427503,0.0009821724572497414
SEG-012,12,8.932829223340377e-05,0.9989285869863052,0.001071413013694844
SEG-012,13,8.932829223340377e-05,0.9988393544015666,0.0011606455984334296
SEG-012,14,8.932829223340377e-05,0.9987501297878224,0.001249870212177595
SEG-012,15,8.932829223340377e-05,0.9986609131443606,0.0013390868556394375
SEG-012,16,8.932829223340377e-05,0.9985717044704692,0.001428295529530832
SEG-012,17,8.932829223340377e-05,0.9984825037654362,0.0015174962345637644
SEG-012,18,8.932829223340377e-05,0.9983933110285499,0.0016066889714501098
SEG-012,19,8.932829223340377e-05,0.9983041262590985,0.0016958737409015212
SEG-012,20,8.932829223340377e-05,0.9982149494563702,0.0017850505436297626
SEG-012,21,8.932829223340377e-05,0.9981257806196534,0.0018742193803465979
SEG-012,22,8.932829223340377e-05,0.9980366197482365,0.001963380251763458
SEG-012,23,8.932829223340377e-05,0.997947466841408,0.002052533158591996
SEG-012,24,8.932829223340377e-05,0.9978583218984564,0.0021416781015436426
SEG-012,25,8.932829223340377e-05,0.9977691849186703,0.002230815081329718
SEG-012,26,8.932829223340377e-05,0.9976800559013383,0.0023199440986616526
SEG-012,27,8.932829223340377e-05,0.9975909348457493,0.002409065154250656
SEG-012,28,8.932829223340377e-05,0.9975018217511921,0.0024981782488079363
SEG-012,29,8.932829223340377e-05,0.9974127166169553,0.002587283383044703
SEG-012,30,8.932829223340377e-05,0.9973236194423281,0.0026763805576719424
SEG-010,1,3.0712122679688036e-05,0.9999692878773203,3.0712122679688036e-05
SEG-010,2,3.0712122679688036e-05,0.9999385766978751,6.142330212488556e-05
SEG-010,3,3.0712122679688036e-05,0.9999078664616354,9.213353836456939e-05
SEG-010,4,3.0712122679688036e-05,0.9998771571685723,0.00012284283142771635
SEG-010,5,3.0712122679688036e-05,0.9998464488186567,0.00015355118134330326
SEG-010,6,3.0712122679688036e-05,0.9998157414118597,0.00018425858814030693
SEG-010,7,3.0712122679688036e-05,0.9997850349481524,0.00021496505184759318
SEG-010,8,3.0712122679688036e-05,0.9997543294275058,0.00024567057249424984
SEG-010,9,3.0712122679688036e-05,0.9997236248498909,0.0002763751501091427
SEG-010,10,3.0712122679688036e-05,0.9996929212152786,0.00030707878472135963
SEG-010,11,3.0712122679688036e-05,0.9996622185236402,0.0003377814763597664
SEG-010,12,3.0712122679688036e-05,0.9996315167749467,0.00036848322505333986
SEG-010,13,3.0712122679688036e-05,0.9996008159691689,0.0003991840308310568
SEG-010,14,3.0712122679688036e-05,0.9995701161062782,0.00042988389372178304
SEG-010,15,3.0712122679688036e-05,0.9995394171862454,0.0004605828137546064
SEG-010,16,3.0712122679688036e-05,0.9995087192090416,0.0004912807909583927
SEG-010,17,3.0712122679688036e-05,0.9994780221746379,0.0005219778253621188
SEG-010,18,3.0712122679688036e-05,0.9994473260830052,0.0005526739169947614
SEG-010,19,3.0712122679688036e-05,0.9994166309341147,0.0005833690658852975
SEG-010,20,3.0712122679688036e-05,0.9993859367279373,0.0006140632720627037
SEG-010,21,3.0712122679688036e-05,0.9993552434644442,0.000644756535555846
SEG-010,22,3.0712122679688036e-05,0.9993245511436063,0.0006754488563937011
SEG-010,23,3.0712122679688036e-05,0.9992938597653948,0.0007061402346052459
SEG-010,24,3.0712122679688036e-05,0.9992631693297805,0.0007368306702194571
SEG-010,25,3.0712122679688036e-05,0.9992324798367348,0.0007675201632652007
SEG-010,26,3.0712122679688036e-05,0.9992017912862285,0.0007982087137714533
SEG-010,27,3.0712122679688036e-05,0.9991711036782328,0.0008288963217671919
SEG-010,28,3.0712122679688036e-05,0.9991404170127186,0.0008595829872813932
SEG-010,29,3.0712122679688036e-05,0.9991097312896571,0.000890268710342923
SEG-010,30,3.0712122679688036e-05,0.9990790465090192,0.0009209534909807582
SEG-009,1,3.801548882620409e-05,0.9999619845111738,3.801548882620409e-05
SEG-009,2,3.801548882620409e-05,0.999923970467525,7.6029532474986e-05
SEG-009,3,3.801548882620409e-05,0.9998859578689987,0.00011404213100130178
SEG-009,4,3.801548882620409e-05,0.9998479467155399,0.00015205328446010746
SEG-009,5,3.801548882620409e-05,0.9998099370070936,0.00019006299290635909
SEG-009,6,3.801548882620409e-05,0.999771928743605,0.0002280712563950127
SEG-009,7,3.801548882620409e-05,0.9997339219250191,0.0002660780749809133
SEG-009,8,3.801548882620409e-05,0.999695916551281,0.00030408344871901694
SEG-009,9,3.801548882620409e-05,0.9996579126223357,0.00034208737766427966
SEG-009,10,3.801548882620409e-05,0.9996199101381285,0.0003800898618715465
SEG-009,11,3.801548882620409e-05,0.9995819090986041,0.00041809090139588445
SEG-009,12,3.801548882620409e-05,0.9995439095037079,0.0004560904962921386
SEG-009,13,3.801548882620409e-05,0.9995059113533848,0.000494088646615154
SEG-009,14,3.801548882620409e-05,0.9994679146475801,0.0005320853524198865
SEG-009,15,3.801548882620409e-05,0.9994299193862387,0.0005700806137612924
SEG-009,16,3.801548882620409e-05,0.9993919255693057,0.0006080744306943275
SEG-009,17,3.801548882620409e-05,0.9993539331967262,0.000646066803273837
SEG-009,18,3.801548882620409e-05,0.9993159422684453,0.0006840577315546659
SEG-009,19,3.801548882620409e-05,0.9992779527844082,0.0007220472155917701
SEG-009,20,3.801548882620409e-05,0.9992399647445599,0.0007600352554401058
SEG-009,21,3.801548882620409e-05,0.9992019781488455,0.0007980218511545178
SEG-009,22,3.801548882620409e-05,0.99916399299721,0.0008360070027899624
SEG-009,23,3.801548882620409e-05,0.9991260092895987,0.0008739907104012845
SEG-009,24,3.801548882620409e-05,0.9990880270259566,0.0009119729740434401
SEG-009,25,3.801548882620409e-05,0.9990500462062287,0.0009499537937712743
SEG-009,26,3.801548882620409e-05,0.9990120668303604,0.000987933169639632
SEG-009,27,3.801548882620409e-05,0.9989740888982965,0.0010259111017034694
SEG-009,28,3.801548882620409e-05,0.9989361124099824,0.0010638875900176314
SEG-009,29,3.801548882620409e-05,0.9988981373653629,0.0011018626346370741
SEG-009,30,3.801548882620409e-05,0.9988601637643834,0.0011398362356166425
SEG-008,1,1.3216028492024634e-05,0.999986783971508,1.3216028492024634e-05
SEG-008,2,1.3216028492024634e-05,0.9999735681176793,2.643188232065441e-05
SEG-008,3,1.3216028492024634e-05,0.9999603524385118,3.9647561488220795e-05
SEG-008,4,1.3216028492024634e-05,0.9999471369340031,5.2863065996944236e-05
SEG-008,5,1.3216028492024634e-05,0.9999339216041508,6.60783958491562e-05
SEG-008,6,1.3216028492024634e-05,0.9999207064489528,7.929355104718816e-05
SEG-008,7,1.3216028492024634e-05,0.9999074914684066,9.250853159337158e-05
SEG-008,8,1.3216028492024634e-05,0.99989427666251,0.00010572333749003793
SEG-008,9,1.3216028492024634e-05,0.9998810620312606,0.00011893796873940765
SEG-008,10,1.3216028492024634e-05,0.9998678475746562,0.00013215242534381222
SEG-008,11,1.3216028492024634e-05,0.9998546332926944,0.0001453667073055831
SEG-008,12,1.3216028492024634e-05,0.999841419185373,0.00015858081462705176
SEG-008,13,1.3216028492024634e-05,0.9998282052526895,0.00017179474731054967
SEG-008,14,1.3216028492024634e-05,0.9998149914946417,0.00018500850535829727
SEG-008,15,1.3216028492024634e-05,0.9998017779112274,0.00019822208877262604
SEG-008,16,1.3216028492024634e-05,0.9997885645024441,0.00021143549755586744
SEG-008,17,1.3216028492024634e-05,0.9997753512682896,0.00022464873171035293
SEG-008,18,1.3216028492024634e-05,0.9997621382087617,0.00023786179123830298
SEG-008,19,1.3216028492024634e-05,0.9997489253238578,0.00025107467614216006
SEG-008,20,1.3216028492024634e-05,0.9997357126135759,0.0002642873864241446
SEG-008,21,1.3216028492024634e-05,0.9997225000779134,0.00027749992208658814
SEG-008,22,1.3216028492024634e-05,0.9997092877168683,0.00029071228313171105
SEG-008,23,1.3216028492024634e-05,0.999696075530438,0.00030392446956195585
SEG-008,24,1.3216028492024634e-05,0.9996828635186205,0.000317136481379543
SEG-008,25,1.3216028492024634e-05,0.9996696516814132,0.0003303483185868039
SEG-008,26,1.3216028492024634e-05,0.9996564400188139,0.0003435599811860701
SEG-008,27,1.3216028492024634e-05,0.9996432285308204,0.00035677146917956204
SEG-008,28,1.3216028492024634e-05,0.9996300172174303,0.00036998278256972217
SEG-008,29,1.3216028492024634e-05,0.9996168060786412,0.00038319392135877095
SEG-008,30,1.3216028492024634e-05,0.999603595114451,0.00039640488554903985
SEG-007,1,3.1929150281939656e-05,0.9999680708497181,3.1929150281939656e-05
SEG-007,2,3.1929150281939656e-05,0.9999361427189067,6.385728109326028e-05
SEG-007,3,3.1929150281939656e-05,0.9999042156075335,9.57843924664914e-05
SEG-007,4,3.1929150281939656e-05,0.9998722895155658,0.00012771048443416255
SEG-007,5,3.1929150281939656e-05,0.9998403644429712,0.00015963555702880328
SEG-007,6,3.1929150281939656e-05,0.999808440389717,0.00019155961028305413
SEG-007,7,3.1929150281939656e-05,0.9997765173557706,0.00022348264422944464
SEG-007,8,3.1929150281939656e-05,0.9997445953410995,0.00025540465890050434
SEG-007,9,3.1929150281939656e-05,0.9997126743456713,0.00028732565432865176
SEG-007,10,3.1929150281939656e-05,0.9996807543694534,0.00031924563054663846
SEG-007,11,3.1929150281939656e-05,0.9996488354124131,0.00035116458758688296
SEG-007,12,3.1929150281939656e-05,0.9996169174745181,0.0003830825254819148
SEG-007,13,3.1929150281939656e-05,0.9995850005557356,0.0004149994442643745
SEG-007,14,3.1929150281939656e-05,0.9995530846560333,0.00044691534396668064
SEG-007,15,3.1929150281939656e-05,0.9995211697753785,0.00047883022462147373
SEG-007,16,3.1929150281939656e-05,0.9994892559137388,0.0005107440862611723
SEG-007,17,3.1929150281939656e-05,0.9994573430710816,0.0005426569289184169
SEG-007,18,3.1929150281939656e-05,0.9994254312473743,0.000574568752625737
SEG-007,19,3.1929150281939656e-05,0.9993935204425843,0.0006064795574156623
SEG-007,20,3.1929150281939656e-05,0.9993616106566793,0.0006383893433207222
SEG-007,21,3.1929150281939656e-05,0.9993297018896267,0.0006702981103733352
SEG-007,22,3.1929150281939656e-05,0.9992977941413939,0.0007022058586061419
SEG-007,23,3.1929150281939656e-05,0.9992658874119483,0.0007341125880516719
SEG-007,24,3.1929150281939656e-05,0.9992339817012575,0.0007660182987424546
SEG-007,25,3.1929150281939656e-05,0.999202077009289,0.0007979229907110197
SEG-007,26,3.1929150281939656e-05,0.9991701733360101,0.0008298266639898966
SEG-007,27,3.1929150281939656e-05,0.9991382706813884,0.0008617293186116148
SEG-007,28,3.1929150281939656e-05,0.9991063690453914,0.000893630954608593
SEG-007,29,3.1929150281939656e-05,0.9990744684279865,0.0009255315720134716
SEG-007,30,3.1929150281939656e-05,0.9990425688291412,0.0009574311708587802
SEG-006,1,1.3219595530244987e-05,0.9999867804044698,1.3219595530244987e-05
SEG-006,2,1.3219595530244987e-05,0.9999735609836972,2.643901630283718e-05
SEG-006,3,1.3219595530244987e-05,0.99996034173768,3.965826231999703e-05
SEG-006,4,1.3219595530244987e-05,0.9999471226664159,5.2877333584055997e-05
SEG-006,5,1.3219595530244987e-05,0.9999339037699027,6.609623009734555e-05
SEG-006,6,1.3219595530244987e-05,0.9999206850481378,7.931495186219717e-05
SEG-006,7,1.3219595530244987e-05,0.9999074665011192,9.253349888083129e-05
SEG-006,8,1.3219595530244987e-05,0.9998942481288443,0.0001057518711556904
SEG-006,9,1.3219595530244987e-05,0.999881029931311,0.00011897006868899496
SEG-006,10,1.3219595530244987e-05,0.9998678119085169,0.00013218809148307642
SEG-006,11,1.3219595530244987e-05,0.9998545940604597,0.00014540593954026626
SEG-006,12,1.3219595530244987e-05,0.9998413763871372,0.00015862361286278492
SEG-006,13,1.3219595530244987e-05,0.9998281588885469,0.0001718411114530749
SEG-006,14,1.3219595530244987e-05,0.9998149415646866,0.00018505843531335664
SEG-006,15,1.3219595530244987e-05,0.999801724415554,0.0001982755844459616
SEG-006,16,1.3219595530244987e-05,0.9997885074411468,0.00021149255885322127
SEG-006,17,1.3219595530244987e-05,0.9997752906414626,0.00022470935853735607
SEG-006,18,1.3219595530244987e-05,0.9997620740164992,0.0002379259835008085
SEG-006,19,1.3219595530244987e-05,0.9997488575662542,0.00025114243374579903
SEG-006,20,1.3219595530244987e-05,0.9997356412907253,0.0002643587092746591
SEG-006,21,1.3219595530244987e-05,0.9997224251899103,0.0002775748100897202
SEG-006,22,1.3219595530244987e-05,0.9997092092638068,0.0002907907361932027
SEG-006,23,1.3219595530244987e-05,0.9996959935124125,0.0003040064875875492
SEG-006,24,1.3219595530244987e-05,0.999682777935725,0.0003172220642749801
SEG-006,25,1.3219595530244987e-05,0.9996695625337422,0.0003304374662578269
SEG-006,26,1.3219595530244987e-05,0.9996563473064616,0.000343652693538421
SEG-006,27,1.3219595530244987e-05,0.9996431322538809,0.0003568677461190939
SEG-006,28,1.3219595530244987e-05,0.9996299173759979,0.00037008262400206604
SEG-006,29,1.3219595530244987e-05,0.9996167026728103,0.0003832973271896689
SEG-006,30,1.3219595530244987e-05,0.9996034881443158,0.00039651185568423397
SEG-005,1,1.690102908469271e-05,0.9999830989709153,1.690102908469271e-05
SEG-005,2,1.690102908469271e-05,0.9999661982274753,3.380177252465533e-05
SEG-005,3,1.690102908469271e-05,0.9999492977696753,5.070223032466181e-05
SEG-005,4,1.690102908469271e-05,0.9999323975975105,6.760240248948612e-05
SEG-005,5,1.690102908469271e-05,0.999915497710976,8.450228902401324e-05
SEG-005,6,1.690102908469271e-05,0.999898598110067,0.00010140188993301713
SEG-005,7,1.690102908469271e-05,0.9998816987947786,0.00011830120522138277
SEG-005,8,1.690102908469271e-05,0.999864799765106,0.00013520023489399513
SEG-005,9,1.690102908469271e-05,0.9998479010210444,0.00015209897895562818
SEG-005,10,1.690102908469271e-05,0.9998310025625889,0.00016899743741105588
SEG-005,11,1.690102908469271e-05,0.9998141043897348,0.00018589561026516321
SEG-005,12,1.690102908469271e-05,0.9997972065024773,0.00020279349752272413
SEG-005,13,1.690102908469271e-05,0.9997803089008114,0.00021969109918862362
SEG-005,14,1.690102908469271e-05,0.9997634115847324,0.00023658841526763563
SEG-005,15,1.690102908469271e-05,0.9997465145542354,0.00025348544576464516
SEG-005,16,1.690102908469271e-05,0.9997296178093156,0.00027038219068442615
SEG-005,17,1.690102908469271e-05,0.9997127213499681,0.0002872786500318636
SEG-005,18,1.690102908469271e-05,0.9996958251761883,0.00030417482381173144
SEG-005,19,1.690102908469271e-05,0.9996789292879711,0.0003210707120289147
SEG-005,20,1.690102908469271e-05,0.9996620336853118,0.0003379663146881873
SEG-005,21,1.690102908469271e-05,0.9996451383682057,0.0003548616317943232
SEG-005,22,1.690102908469271e-05,0.9996282433366478,0.00037175666335220736
SEG-005,23,1.690102908469271e-05,0.9996113485906333,0.0003886514093667248
SEG-005,24,1.690102908469271e-05,0.9995944541301574,0.0004055458698426495
SEG-005,25,1.690102908469271e-05,0.9995775599552152,0.0004224400447847554
SEG-005,26,1.690102908469271e-05,0.9995606660658021,0.00043933393419792743
SEG-005,27,1.690102908469271e-05,0.999543772461913,0.00045622753808705063
SEG-005,28,1.690102908469271e-05,0.9995268791435431,0.00047312085645689894
SEG-005,29,1.690102908469271e-05,0.9995099861106878,0.0004900138893122463
SEG-005,30,1.690102908469271e-05,0.999493093363342,0.0005069066366579777
SEG-004,1,1.6044754374888726e-05,0.9999839552456251,1.6044754374888726e-05
SEG-004,2,1.6044754374888726e-05,0.9999679107486844,3.208925131559237e-05
SEG-004,3,1.6044754374888726e-05,0.9999518665091737,4.813349082632978e-05
SEG-004,4,1.6044754374888726e-05,0.9999358225270888,6.417747291120879e-05
SEG-004,5,1.6044754374888726e-05,0.9999197788024257,8.022119757433721e-05
SEG-004,6,1.6044754374888726e-05,0.9999037353351802,9.626466481982288e-05
SEG-004,7,1.6044754374888726e-05,0.9998876921253482,0.00011230787465177361
SEG-004,8,1.6044754374888726e-05,0.9998716491729256,0.00012835082707440826
SEG-004,9,1.6044754374888726e-05,0.9998556064779082,0.00014439352209183465
SEG-004,10,1.6044754374888726e-05,0.9998395640402918,0.0001604359597081606
SEG-004,11,1.6044754374888726e-05,0.9998235218600725,0.00017647813992749395
SEG-004,12,1.6044754374888726e-05,0.9998074799372461,0.0001925200627539425
SEG-004,13,1.6044754374888726e-05,0.9997914382718083,0.00020856172819172514
SEG-004,14,1.6044754374888726e-05,0.999775396863755,0.00022460313624494965
SEG-004,15,1.6044754374888726e-05,0.9997593557130823,0.00024064428691772388
SEG-004,16,1.6044754374888726e-05,0.9997433148197858,0.00025668518021415565
SEG-004,17,1.6044754374888726e-05,0.9997272741838616,0.0002727258161383528
SEG-004,18,1.6044754374888726e-05,0.9997112338053055,0.00028876619469453413
SEG-004,19,1.6044754374888726e-05,0.9996951936841132,0.0003048063158868075
SEG-004,20,1.6044754374888726e-05,0.9996791538202807,0.00032084617971928076
SEG-004,21,1.6044754374888726e-05,0.9996631142138039,0.0003368857861960617
SEG-004,22,1.6044754374888726e-05,0.9996470748646787,0.00035292513532125813
SEG-004,23,1.6044754374888726e-05,0.9996310357729009,0.00036896422709908894
SEG-004,24,1.6044754374888726e-05,0.9996149969384664,0.0003850030615335509
SEG-004,25,1.6044754374888726e-05,0.9995989583613711,0.0004010416386288629
SEG-004,26,1.6044754374888726e-05,0.9995829200416109,0.0004170799583891327
SEG-004,27,1.6044754374888726e-05,0.9995668819791814,0.0004331180208185792
SEG-004,28,1.6044754374888726e-05,0.9995508441740788,0.0004491558259211992
SEG-004,29,1.6044754374888726e-05,0.9995348066262988,0.0004651933737012115
SEG-004,30,1.6044754374888726e-05,0.9995187693358373,0.000481230664162724
SEG-002,1,0.460428923368454,0.539571076631546,0.460428923368454
SEG-002,2,0.460428923368454,0.2911369467373257,0.7088630532626743
SEG-002,3,0.460428923368454,0.1570890757982799,0.8429109242017201
SEG-002,4,0.460428923368454,0.08476072175553243,0.9152392782444676
SEG-002,5,0.460428923368454,0.045734433893699536,0.9542655661063004
SEG-002,6,0.460428923368454,0.02467697773515773,0.9753230222648422
SEG-002,7,0.460428923368454,0.013314983444571746,0.9866850165554283
SEG-002,8,0.460428923368454,0.007184379952518788,0.9928156200474813
SEG-002,9,0.460428923368454,0.003876483625910658,0.9961235163740894
SEG-002,10,0.460428923368454,0.002091638443577173,0.9979083615564228
SEG-002,11,0.460428923368454,0.0011285876069248666,0.9988714123930751
SEG-002,12,0.460428923368454,0.0006089532301414703,0.9993910467698586
SEG-002,13,0.460428923368454,0.00032857355000569076,0.9996714264499943
SEG-002,14,0.460428923368454,0.0001772887841292197,0.9998227112158707
SEG-002,15,0.460428923368454,9.565990012730082e-05,0.9999043400998727
SEG-002,16,0.460428923368454,5.161531530215387e-05,0.9999483846846978
SEG-002,17,0.460428923368454,2.7850131248259876e-05,0.9999721498687517
SEG-002,18,0.460428923368454,1.5027125301953445e-05,0.999984972874698
SEG-002,19,0.460428923368454,8.108202177852165e-06,0.9999918917978221
SEG-002,20,0.460428923368454,4.3749513786499395e-06,0.9999956250486214
SEG-002,21,0.460428923368454,2.3605972255888144e-06,0.9999976394027744
SEG-002,22,0.460428923368454,1.273709986504397e-06,0.9999987262900135
SEG-002,23,0.460428923368454,6.872570687345295e-07,0.9999993127429313
SEG-002,24,0.460428923368454,3.708240364997305e-07,0.9999996291759635
SEG-002,25,0.460428923368454,2.000859246150153e-07,0.9999997999140754
SEG-002,26,0.460428923368454,1.0796057776334216e-07,0.9999998920394222
SEG-002,27,0.460428923368454,5.8252405177530275e-08,0.9999999417475948
SEG-002,28,0.460428923368454,3.1431312978017056e-08,0.999999968568687
SEG-002,29,0.460428923368454,1.695942738349175e-08,0.9999999830405726
SEG-002,30,0.460428923368454,9.150816492365166e-09,0.9999999908491836
SEG-011,1,1.690102908469271e-05,0.9999830989709153,1.690102908469271e-05
SEG-011,2,1.690102908469271e-05,0.9999661982274753,3.380177252465533e-05
SEG-011,3,1.690102908469271e-05,0.9999492977696753,5.070223032466181e-05
SEG-011,4,1.690102908469271e-05,0.9999323975975105,6.760240248948612e-05
SEG-011,5,1.690102908469271e-05,0.999915497710976,8.450228902401324e-05
SEG-011,6,1.690102908469271e-05,0.999898598110067,0.00010140188993301713
SEG-011,7,1.690102908469271e-05,0.9998816987947786,0.00011830120522138277
SEG-011,8,1.690102908469271e-05,0.999864799765106,0.00013520023489399513
SEG-011,9,1.690102908469271e-05,0.9998479010210444,0.00015209897895562818
SEG-011,10,1.690102908469271e-05,0.9998310025625889,0.00016899743741105588
SEG-011,11,1.690102908469271e-05,0.9998141043897348,0.00018589561026516321
SEG-011,12,1.690102908469271e-05,0.9997972065024773,0.00020279349752272413
SEG-011,13,1.690102908469271e-05,0.9997803089008114,0.00021969109918862362
SEG-011,14,1.690102908469271e-05,0.9997634115847324,0.00023658841526763563
SEG-011,15,1.690102908469271e-05,0.9997465145542354,0.00025348544576464516
SEG-011,16,1.690102908469271e-05,0.9997296178093156,0.00027038219068442615
SEG-011,17,1.690102908469271e-05,0.9997127213499681,0.0002872786500318636
SEG-011,18,1.690102908469271e-05,0.9996958251761883,0.00030417482381173144
SEG-011,19,1.690102908469271e-05,0.9996789292879711,0.0003210707120289147
SEG-011,20,1.690102908469271e-05,0.9996620336853118,0.0003379663146881873
SEG-011,21,1.690102908469271e-05,0.9996451383682057,0.0003548616317943232
SEG-011,22,1.690102908469271e-05,0.9996282433366478,0.00037175666335220736
SEG-011,23,1.690102908469271e-05,0.9996113485906333,0.0003886514093667248
SEG-011,24,1.690102908469271e-05,0.9995944541301574,0.0004055458698426495
SEG-011,25,1.690102908469271e-05,0.9995775599552152,0.0004224400447847554
SEG-011,26,1.690102908469271e-05,0.9995606660658021,0.00043933393419792743
SEG-011,27,1.690102908469271e-05,0.999543772461913,0.00045622753808705063
SEG-011,28,1.690102908469271e-05,0.9995268791435431,0.00047312085645689894
SEG-011,29,1.690102908469271e-05,0.9995099861106878,0.0004900138893122463
SEG-011,30,1.690102908469271e-05,0.999493093363342,0.0005069066366579777
SEG-022,1,1.3219595530244987e-05,0.9999867804044698,1.3219595530244987e-05
SEG-022,2,1.3219595530244987e-05,0.9999735609836972,2.643901630283718e-05
SEG-022,3,1.3219595530244987e-05,0.99996034173768,3.965826231999703e-05
SEG-022,4,1.3219595530244987e-05,0.9999471226664159,5.2877333584055997e-05
SEG-022,5,1.3219595530244987e-05,0.9999339037699027,6.609623009734555e-05
SEG-022,6,1.3219595530244987e-05,0.9999206850481378,7.931495186219717e-05
SEG-022,7,1.3219595530244987e-05,0.9999074665011192,9.253349888083129e-05
SEG-022,8,1.3219595530244987e-05,0.9998942481288443,0.0001057518711556904
SEG-022,9,1.3219595530244987e-05,0.999881029931311,0.00011897006868899496
SEG-022,10,1.3219595530244987e-05,0.9998678119085169,0.00013218809148307642
SEG-022,11,1.3219595530244987e-05,0.9998545940604597,0.00014540593954026626
SEG-022,12,1.3219595530244987e-05,0.9998413763871372,0.00015862361286278492
SEG-022,13,1.3219595530244987e-05,0.9998281588885469,0.0001718411114530749
SEG-022,14,1.3219595530244987e-05,0.9998149415646866,0.00018505843531335664
SEG-022,15,1.3219595530244987e-05,0.999801724415554,0.0001982755844459616
SEG-022,16,1.3219595530244987e-05,0.9997885074411468,0.00021149255885322127
SEG-022,17,1.3219595530244987e-05,0.9997752906414626,0.00022470935853735607
SEG-022,18,1.3219595530244987e-05,0.9997620740164992,0.0002379259835008085
SEG-022,19,1.3219595530244987e-05,0.9997488575662542,0.00025114243374579903
SEG-022,20,1.3219595530244987e-05,0.9997356412907253,0.0002643587092746591
SEG-022,21,1.3219595530244987e-05,0.9997224251899103,0.0002775748100897202
SEG-022,22,1.3219595530244987e-05,0.9997092092638068,0.0002907907361932027
SEG-022,23,1.3219595530244987e-05,0.9996959935124125,0.0003040064875875492
SEG-022,24,1.3219595530244987e-05,0.999682777935725,0.0003172220642749801
SEG-022,25,1.3219595530244987e-05,0.9996695625337422,0.0003304374662578269
SEG-022,26,1.3219595530244987e-05,0.9996563473064616,0.000343652693538421
SEG-022,27,1.3219595530244987e-05,0.9996431322538809,0.0003568677461190939
SEG-022,28,1.3219595530244987e-05,0.9996299173759979,0.00037008262400206604
SEG-022,29,1.3219595530244987e-05,0.9996167026728103,0.0003832973271896689
SEG-022,30,1.3219595530244987e-05,0.9996034881443158,0.00039651185568423397
SEG-023,1,1.690102908469271e-05,0.9999830989709153,1.690102908469271e-05
SEG-023,2,1.690102908469271e-05,0.9999661982274753,3.380177252465533e-05
SEG-023,3,1.690102908469271e-05,0.9999492977696753,5.070223032466181e-05
SEG-023,4,1.690102908469271e-05,0.9999323975975105,6.760240248948612e-05
SEG-023,5,1.690102908469271e-05,0.999915497710976,8.450228902401324e-05
SEG-023,6,1.690102908469271e-05,0.999898598110067,0.00010140188993301713
SEG-023,7,1.690102908469271e-05,0.9998816987947786,0.00011830120522138277
SEG-023,8,1.690102908469271e-05,0.999864799765106,0.00013520023489399513
SEG-023,9,1.690102908469271e-05,0.9998479010210444,0.00015209897895562818
SEG-023,10,1.690102908469271e-05,0.9998310025625889,0.00016899743741105588
SEG-023,11,1.690102908469271e-05,0.9998141043897348,0.00018589561026516321
SEG-023,12,1.690102908469271e-05,0.9997972065024773,0.00020279349752272413
SEG-023,13,1.690102908469271e-05,0.9997803089008114,0.00021969109918862362
SEG-023,14,1.690102908469271e-05,0.9997634115847324,0.00023658841526763563
SEG-023,15,1.690102908469271e-05,0.9997465145542354,0.00025348544576464516
SEG-023,16,1.690102908469271e-05,0.9997296178093156,0.00027038219068442615
SEG-023,17,1.690102908469271e-05,0.9997127213499681,0.0002872786500318636
SEG-023,18,1.690102908469271e-05,0.9996958251761883,0.00030417482381173144
SEG-023,19,1.690102908469271e-05,0.9996789292879711,0.0003210707120289147
SEG-023,20,1.690102908469271e-05,0.9996620336853118,0.0003379663146881873
SEG-023,21,1.690102908469271e-05,0.9996451383682057,0.0003548616317943232
SEG-023,22,1.690102908469271e-05,0.9996282433366478,0.00037175666335220736
SEG-023,23,1.690102908469271e-05,0.9996113485906333,0.0003886514093667248
SEG-023,24,1.690102908469271e-05,0.9995944541301574,0.0004055458698426495
SEG-023,25,1.690102908469271e-05,0.9995775599552152,0.0004224400447847554
SEG-023,26,1.690102908469271e-05,0.9995606660658021,0.00043933393419792743
SEG-023,27,1.690102908469271e-05,0.999543772461913,0.00045622753808705063
SEG-023,28,1.690102908469271e-05,0.9995268791435431,0.00047312085645689894
SEG-023,29,1.690102908469271e-05,0.9995099861106878,0.0004900138893122463
SEG-023,30,1.690102908469271e-05,0.999493093363342,0.0005069066366579777
SEG-024,1,2.4981069145724177e-05,0.9999750189308543,2.4981069145724177e-05
SEG-024,2,2.4981069145724177e-05,0.9999500384857624,4.9961514237639726e-05
SEG-024,3,2.4981069145724177e-05,0.9999250586647087,7.494133529128977e-05
SEG-024,4,2.4981069145724177e-05,0.9999000794676777,9.992053232232845e-05
SEG-024,5,2.4981069145724177e-05,0.9998751008946537,0.0001248991053462989
SEG-024,6,2.4981069145724177e-05,0.9998501229456211,0.00014987705437885523
SEG-024,7,2.4981069145724177e-05,0.9998251456205645,0.0001748543794355406
SEG-024,8,2.4981069145724177e-05,0.9998001689194681,0.00019983108053189813
SEG-024,9,2.4981069145724177e-05,0.9997751928423164,0.00022480715768358195
SEG-024,10,2.4981069145724177e-05,0.9997502173890939,0.0002497826109061352
SEG-024,11,2.4981069145724177e-05,0.9997252425597848,0.000274757440215212
SEG-024,12,2.4981069145724177e-05,0.9997002683543736,0.00029973164562635546
SEG-024,13,2.4981069145724177e-05,0.9996752947728449,0.00032470522715510874
SEG-024,14,2.4981069145724177e-05,0.9996503218151829,0.000349678184817126
SEG-024,15,2.4981069145724177e-05,0.999625349481372,0.0003746505186279503
SEG-024,16,2.4981069145724177e-05,0.9996003777713969,0.0003996222286031248
SEG-024,17,2.4981069145724177e-05,0.9995754066852417,0.00042459331475830364
SEG-024,18,2.4981069145724177e-05,0.999550436222891,0.00044956377710902995
SEG-024,19,2.4981069145724177e-05,0.999525466384329,0.00047453361567095786
SEG-024,20,2.4981069145724177e-05,0.9995004971695404,0.0004995028304596305
SEG-024,21,2.4981069145724177e-05,0.9994755285785094,0.000524471421490591
SEG-024,22,2.4981069145724177e-05,0.9994505606112205,0.0005494393887794935
SEG-024,23,2.4981069145724177e-05,0.9994255932676581,0.0005744067323418811
SEG-024,24,2.4981069145724177e-05,0.9994006265478067,0.000599373452193297
SEG-024,25,2.4981069145724177e-05,0.9993756604516506,0.0006243395483493952
SEG-024,26,2.4981069145724177e-05,0.9993506949791743,0.000649305020825719
SEG-024,27,2.4981069145724177e-05,0.9993257301303622,0.0006742698696378113
SEG-024,28,2.4981069145724177e-05,0.9993007659051987,0.0006992340948013265
SEG-024,29,2.4981069145724177e-05,0.9992758023036682,0.0007241976963318075
SEG-024,30,2.4981069145724177e-05,0.9992508393257552,0.0007491606742447976
SEG-046,1,3.199791899533011e-05,0.9999680020810047,3.199791899533011e-05
SEG-046,2,3.199791899533011e-05,0.9999360051858761,6.399481412389108e-05
SEG-046,3,3.199791899533011e-05,0.9999040093145817,9.599068541832345e-05
SEG-046,4,3.199791899533011e-05,0.9998720144670885,0.00012798553291148984
SEG-046,5,3.199791899533011e-05,0.9998400206433639,0.00015997935663614182
SEG-046,6,3.199791899533011e-05,0.999808027843375,0.00019197215662503098
SEG-046,7,3.199791899533011e-05,0.9997760360670892,0.00022396393291079786
SEG-046,8,3.199791899533011e-05,0.9997440453144737,0.00025595468552630507
SEG-046,9,3.199791899533011e-05,0.9997120555854957,0.0002879444145043042
SEG-046,10,3.199791899533011e-05,0.9996800668801225,0.0003199331198775468
SEG-046,11,3.199791899533011e-05,0.9996480791983212,0.0003519208016787845
SEG-046,12,3.199791899533011e-05,0.9996160925400592,0.0003839074599407688
SEG-046,13,3.199791899533011e-05,0.9995841069053037,0.00041589309469625135
SEG-046,14,3.199791899533011e-05,0.999552122294022,0.0004478777059779837
SEG-046,15,3.199791899533011e-05,0.9995201387061813,0.00047986129381871745
SEG-046,16,3.199791899533011e-05,0.9994881561417488,0.0005118438582512042
SEG-046,17,3.199791899533011e-05,0.9994561746006918,0.0005438253993081954
SEG-046,18,3.199791899533011e-05,0.9994241940829776,0.0005758059170224428
SEG-046,19,3.199791899533011e-05,0.9993922145885733,0.0006077854114266978
SEG-046,20,3.199791899533011e-05,0.9993602361174463,0.0006397638825537122
SEG-046,21,3.199791899533011e-05,0.9993282586695639,0.0006717413304361264
SEG-046,22,3.199791899533011e-05,0.9992962822448932,0.000703717755106803
SEG-046,23,3.199791899533011e-05,0.9992643068434016,0.0007356931565983826
SEG-046,24,3.199791899533011e-05,0.9992323324650563,0.0007676675349437279
SEG-046,25,3.199791899533011e-05,0.9992003591098245,0.0007996408901754792
SEG-046,26,3.199791899533011e-05,0.9991683867776736,0.0008316132223263883
SEG-046,27,3.199791899533011e-05,0.9991364154685708,0.0008635845314292068
SEG-046,28,3.199791899533011e-05,0.9991044451824833,0.0008955548175166861
SEG-046,29,3.199791899533011e-05,0.9990724759193785,0.0009275240806214669
SEG-046,30,3.199791899533011e-05,0.9990405076792236,0.0009594923207764117
SEG-045,1,1.690102908469271e-05,0.9999830989709153,1.690102908469271e-05
SEG-045,2,1.690102908469271e-05,0.9999661982274753,3.380177252465533e-05
SEG-045,3,1.690102908469271e-05,0.9999492977696753,5.070223032466181e-05
SEG-045,4,1.690102908469271e-05,0.9999323975975105,6.760240248948612e-05
SEG-045,5,1.690102908469271e-05,0.999915497710976,8.450228902401324e-05
SEG-045,6,1.690102908469271e-05,0.999898598110067,0.00010140188993301713
SEG-045,7,1.690102908469271e-05,0.9998816987947786,0.00011830120522138277
SEG-045,8,1.690102908469271e-05,0.999864799765106,0.00013520023489399513
SEG-045,9,1.690102908469271e-05,0.9998479010210444,0.00015209897895562818
SEG-045,10,1.690102908469271e-05,0.9998310025625889,0.00016899743741105588
SEG-045,11,1.690102908469271e-05,0.9998141043897348,0.00018589561026516321
SEG-045,12,1.690102908469271e-05,0.9997972065024773,0.00020279349752272413
SEG-045,13,1.690102908469271e-05,0.9997803089008114,0.00021969109918862362
SEG-045,14,1.690102908469271e-05,0.9997634115847324,0.00023658841526763563
SEG-045,15,1.690102908469271e-05,0.9997465145542354,0.00025348544576464516
SEG-045,16,1.690102908469271e-05,0.9997296178093156,0.00027038219068442615
SEG-045,17,1.690102908469271e-05,0.9997127213499681,0.0002872786500318636
SEG-045,18,1.690102908469271e-05,0.9996958251761883,0.00030417482381173144
SEG-045,19,1.690102908469271e-05,0.9996789292879711,0.0003210707120289147
SEG-045,20,1.690102908469271e-05,0.9996620336853118,0.0003379663146881873
SEG-045,21,1.690102908469271e-05,0.9996451383682057,0.0003548616317943232
SEG-045,22,1.690102908469271e-05,0.9996282433366478,0.00037175666335220736
SEG-045,23,1.690102908469271e-05,0.9996113485906333,0.0003886514093667248
SEG-045,24,1.690102908469271e-05,0.9995944541301574,0.0004055458698426495
SEG-045,25,1.690102908469271e-05,0.9995775599552152,0.0004224400447847554
SEG-045,26,1.690102908469271e-05,0.9995606660658021,0.00043933393419792743
SEG-045,27,1.690102908469271e-05,0.999543772461913,0.00045622753808705063
SEG-045,28,1.690102908469271e-05,0.9995268791435431,0.00047312085645689894
SEG-045,29,1.690102908469271e-05,0.9995099861106878,0.0004900138893122463
SEG-045,30,1.690102908469271e-05,0.999493093363342,0.0005069066366579777
SEG-044,1,8.423105100519024e-06,0.9999915768948995,8.423105100519024e-06
SEG-044,2,8.423105100519024e-06,0.9999831538607477,1.684613925234668e-05
SEG-044,3,8.423105100519024e-06,0.999974730897544,2.5269102456038084e-05
SEG-044,4,8.423105100519024e-06,0.9999663080052877,3.3691994712259365e-05
SEG-044,5,8.423105100519024e-06,0.9999578851839784,4.211481602156564e-05
SEG-044,6,8.423105100519024e-06,0.9999494624336155,5.053756638451201e-05
SEG-044,7,8.423105100519024e-06,0.9999410397541982,5.896024580176462e-05
SEG-044,8,8.423105100519024e-06,0.999932617145726,6.73828542739896e-05
SEG-044,9,8.423105100519024e-06,0.9999241946081984,7.580539180163104e-05
SEG-044,10,8.423105100519024e-06,0.9999157721416146,8.422785838535507e-05
SEG-044,11,8.423105100519024e-06,0.9999073497459743,9.26502540257168e-05
SEG-044,12,8.423105100519024e-06,0.9998989274212766,0.00010107257872338238
SEG-044,13,8.423105100519024e-06,0.9998905051675211,0.0001094948324789069
SEG-044,14,8.423105100519024e-06,0.999882082984707,0.0001179170152929565
SEG-044,15,8.423105100519024e-06,0.9998736608728339,0.0001263391271660863
SEG-044,16,8.423105100519024e-06,0.9998652388319011,0.00013476116809885141
SEG-044,17,8.423105100519024e-06,0.9998568168619081,0.00014318313809191796
SEG-044,18,8.423105100519024e-06,0.9998483949628542,0.00015160503714584106
SEG-044,19,8.423105100519024e-06,0.9998399731347388,0.00016002686526117582
SEG-044,20,8.423105100519024e-06,0.9998315513775614,0.00016844862243858838
SEG-044,21,8.423105100519024e-06,0.9998231296913214,0.00017687030867863385
SEG-044,22,8.423105100519024e-06,0.999814708076018,0.00018529192398197836
SEG-044,23,8.423105100519024e-06,0.9998062865316508,0.00019371346834917702
SEG-044,24,8.423105100519024e-06,0.9997978650582192,0.00020213494178078495
SEG-044,25,8.423105100519024e-06,0.9997894436557225,0.00021055634427746828
SEG-044,26,8.423105100519024e-06,0.9997810223241602,0.00021897767583978212
SEG-044,27,8.423105100519024e-06,0.9997726010635317,0.00022739893646828158
SEG-044,28,8.423105100519024e-06,0.9997641798738364,0.0002358201261636328
SEG-044,29,8.423105100519024e-06,0.9997557587550736,0.0002442412449263909
SEG-044,30,8.423105100519024e-06,0.9997473377072428,0.00025266229275722196
SEG-043,1,0.011405003257095814,0.9885949967429042,0.011405003257095814
SEG-043,2,0.011405003257095814,0.9773200675851027,0.022679932414897297
SEG-043,3,0.011405003257095814,0.9661737290310695,0.03382627096893054
SEG-043,4,0.011405003257095814,0.9551545145045497,0.04484548549545031
SEG-043,5,0.011405003257095814,0.9442609741555955,0.05573902584440449
SEG-043,6,0.011405003257095814,0.9334916746698024,0.06650832533019757
SEG-043,7,0.011405003257095814,0.9228451990797215,0.07715480092027849
SEG-043,8,0.011405003257095814,0.9123201465784221,0.08767985342157791
SEG-043,9,0.011405003257095814,0.9019151323351811,0.09808486766481894
SEG-043,10,0.011405003257095814,0.8916287873132743,0.10837121268672567
SEG-043,11,0.011405003257095814,0.881459758089846,0.118540241910154
SEG-043,12,0.011405003257095814,0.8714067066778324,0.12859329332216762
SEG-043,13,0.011405003257095814,0.8614683103499166,0.13853168965008344
SEG-043,14,0.011405003257095814,0.8516432614644909,0.14835673853550913
SEG-043,15,0.011405003257095814,0.8419302672936047,0.15806973270639535
SEG-043,16,0.011405003257095814,0.8323280498528736,0.16767195014712644
SEG-043,17,0.011405003257095814,0.8228353457333293,0.17716465426667072
SEG-043,18,0.011405003257095814,0.8134509059351871,0.1865490940648129
SEG-043,19,0.011405003257095814,0.8041734957035087,0.1958265042964913
SEG-043,20,0.011405003257095814,0.7950018943657401,0.2049981056342599
SEG-043,21,0.011405003257095814,0.7859348951711015,0.2140651048288985
SEG-043,22,0.011405003257095814,0.7769713051318098,0.2230286948681902
SEG-043,23,0.011405003257095814,0.7681099448661115,0.2318900551338885
SEG-043,24,0.011405003257095814,0.7593496484431058,0.24065035155689418
SEG-043,25,0.011405003257095814,0.7506892632293376,0.2493107367706624
SEG-043,26,0.011405003257095814,0.7421276497371402,0.2578723502628598
SEG-043,27,0.011405003257095814,0.7336636814747073,0.2663363185252927
SEG-043,28,0.011405003257095814,0.7252962447978754,0.27470375520212464
SEG-043,29,0.011405003257095814,0.7170242387635962,0.2829757612364038
SEG-043,30,0.011405003257095814,0.7088465749850807,0.29115342501491925
SEG-042,1,2.9734979761997238e-05,0.999970265020238,2.9734979761997238e-05
SEG-042,2,2.9734979761997238e-05,0.9999405309246451,5.9469075354923184e-05
SEG-042,3,2.9734979761997238e-05,0.9999107977131948,8.920228680520115e-05
SEG-042,4,2.9734979761997238e-05,0.999881065385861,0.00011893461413903239
SEG-042,5,2.9734979761997238e-05,0.9998513339426173,0.0001486660573827292
SEG-042,6,2.9734979761997238e-05,0.9998216033834375,0.00017839661656249284
SEG-042,7,2.9734979761997238e-05,0.9997918737082953,0.0002081262917047466
SEG-042,8,2.9734979761997238e-05,0.9997621449171643,0.0002378550828356918
SEG-042,9,2.9734979761997238e-05,0.9997324170100184,0.00026758298998164065
SEG-042,10,2.9734979761997238e-05,0.9997026899868312,0.00029731001316879446
SEG-042,11,2.9734979761997238e-05,0.9996729638475764,0.00032703615242357653
SEG-042,12,2.9734979761997238e-05,0.9996432385922278,0.0003567614077721881
SEG-042,13,2.9734979761997238e-05,0.9996135142207591,0.0003864857792409415
SEG-042,14,2.9734979761997238e-05,0.9995837907331439,0.000416209266856149
SEG-042,15,2.9734979761997238e-05,0.999554068129356,0.00044593187064401185
SEG-042,16,2.9734979761997238e-05,0.9995243464093692,0.00047565359063084234
SEG-042,17,2.9734979761997238e-05,0.999494625573157,0.0005053744268429528
SEG-042,18,2.9734979761997238e-05,0.9994649056206935,0.0005350943793065444
SEG-042,19,2.9734979761997238e-05,0.999435186551952,0.0005648134480480405
SEG-042,20,2.9734979761997238e-05,0.9994054683669064,0.0005945316330936423
SEG-042,21,2.9734979761997238e-05,0.9993757510655304,0.0006242489344695512
SEG-042,22,2.9734979761997238e-05,0.9993460346477979,0.0006539653522020794
SEG-042,23,2.9734979761997238e-05,0.9993163191136825,0.0006836808863175392
SEG-042,24,2.9734979761997238e-05,0.9992866044631578,0.0007133955368422429
SEG-042,25,2.9734979761997238e-05,0.9992568906961976,0.0007431093038023917
SEG-042,26,2.9734979761997238e-05,0.9992271778127757,0.000772822187224298
SEG-042,27,2.9734979761997238e-05,0.9991974658128658,0.0008025341871341629
SEG-042,28,2.9734979761997238e-05,0.9991677546964417,0.0008322453035582988
SEG-042,29,2.9734979761997238e-05,0.999138044463477,0.000861955536523018
SEG-042,30,2.9734979761997238e-05,0.9991083351139454,0.0008916648860546328
SEG-040,1,2.9734979761997238e-05,0.999970265020238,2.9734979761997238e-05
SEG-040,2,2.9734979761997238e-05,0.9999405309246451,5.9469075354923184e-05
SEG-040,3,2.9734979761997238e-05,0.9999107977131948,8.920228680520115e-05
SEG-040,4,2.9734979761997238e-05,0.999881065385861,0.00011893461413903239
SEG-040,5,2.9734979761997238e-05,0.9998513339426173,0.0001486660573827292
SEG-040,6,2.9734979761997238e-05,0.9998216033834375,0.00017839661656249284
SEG-040,7,2.9734979761997238e-05,0.9997918737082953,0.0002081262917047466
SEG-040,8,2.9734979761997238e-05,0.9997621449171643,0.0002378550828356918
SEG-040,9,2.9734979761997238e-05,0.9997324170100184,0.00026758298998164065
SEG-040,10,2.9734979761997238e-05,0.9997026899868312,0.00029731001316879446
SEG-040,11,2.9734979761997238e-05,0.9996729638475764,0.00032703615242357653
SEG-040,12,2.9734979761997238e-05,0.9996432385922278,0.0003567614077721881
SEG-040,13,2.9734979761997238e-05,0.9996135142207591,0.0003864857792409415
SEG-040,14,2.9734979761997238e-05,0.9995837907331439,0.000416209266856149
SEG-040,15,2.9734979761997238e-05,0.999554068129356,0.00044593187064401185
SEG-040,16,2.9734979761997238e-05,0.9995243464093692,0.00047565359063084234
SEG-040,17,2.9734979761997238e-05,0.999494625573157,0.0005053744268429528
SEG-040,18,2.9734979761997238e-05,0.9994649056206935,0.0005350943793065444
SEG-040,19,2.9734979761997238e-05,0.999435186551952,0.0005648134480480405
SEG-040,20,2.9734979761997238e-05,0.9994054683669064,0.0005945316330936423
SEG-040,21,2.9734979761997238e-05,0.9993757510655304,0.0006242489344695512
SEG-040,22,2.9734979761997238e-05,0.9993460346477979,0.0006539653522020794
SEG-040,23,2.9734979761997238e-05,0.9993163191136825,0.0006836808863175392
SEG-040,24,2.9734979761997238e-05,0.9992866044631578,0.0007133955368422429
SEG-040,25,2.9734979761997238e-05,0.9992568906961976,0.0007431093038023917
SEG-040,26,2.9734979761997238e-05,0.9992271778127757,0.000772822187224298
SEG-040,27,2.9734979761997238e-05,0.9991974658128658,0.0008025341871341629
SEG-040,28,2.9734979761997238e-05,0.9991677546964417,0.0008322453035582988
SEG-040,29,2.9734979761997238e-05,0.999138044463477,0.000861955536523018
SEG-040,30,2.9734979761997238e-05,0.9991083351139454,0.0008916648860546328
SEG-039,1,0.9543073773384094,0.045692622661590576,0.9543073773384094
SEG-039,2,0.9543073773384094,0.0020878157656945007,0.9979121842343055
SEG-039,3,0.9543073773384094,9.539777796879862e-05,0.9999046022220311
SEG-039,4,0.9543073773384094,4.358974671482514e-06,0.9999956410253286
SEG-039,5,0.9543073773384094,1.9917298485548125e-07,0.9999998008270151
SEG-039,6,0.9543073773384094,9.1007360413842e-09,0.999999990899264
SEG-039,7,0.9543073773384094,4.158364978817058e-10,0.9999999995841635
SEG-039,8,0.9543073773384094,1.900066018662609e-11,0.9999999999809993
SEG-039,9,0.9543073773384094,8.681899962286131e-13,0.9999999999991318
SEG-039,10,0.9543073773384094,3.966987789624177e-14,0.9999999999999604
SEG-039,11,0.9543073773384094,1.812620761744348e-15,0.9999999999999982
SEG-039,12,0.9543073773384094,8.282339649494936e-17,0.9999999999999999
SEG-039,13,0.9543073773384094,3.784418203595025e-18,1.0
SEG-039,14,0.9543073773384094,1.7291999297052193e-19,1.0
SEG-039,15,0.9543073773384094,7.901167989446954e-21,1.0
SEG-039,16,0.9543073773384094,3.6102508752763793e-22,1.0
SEG-039,17,0.9543073773384094,1.649618309576807e-23,1.0
SEG-039,18,0.9543073773384094,7.537538695514395e-25,1.0
SEG-039,19,0.9543073773384094,3.444099114112769e-26,1.0
SEG-039,20,0.9543073773384094,1.5736992123027314e-27,1.0
SEG-039,21,0.9543073773384094,7.190644429059102e-29,1.0
SEG-039,22,0.9543073773384094,3.28559402590666e-30,1.0
SEG-039,23,0.9543073773384094,1.5012740804492925e-31,1.0
SEG-039,24,0.9543073773384094,6.85971500695959e-33,1.0
SEG-039,25,0.9543073773384094,3.1343836937905467e-34,1.0
SEG-039,26,0.9543073773384094,1.4321821139701392e-35,1.0
SEG-039,27,0.9543073773384094,6.544015691631668e-37,1.0
SEG-039,28,0.9543073773384094,2.9901323968925347e-38,1.0
SEG-039,29,0.9543073773384094,1.3662699131940797e-39,1.0
SEG-039,30,0.9543073773384094,6.24284555974612e-41,1.0
SEG-038,1,1.5315119526349008e-05,0.9999846848804737,1.5315119526349008e-05
SEG-038,2,1.5315119526349008e-05,0.9999693699955002,3.0630004499765384e-05
SEG-038,3,1.5315119526349008e-05,0.9999540553450761,4.5944654923912864e-05
SEG-038,4,1.5315119526349008e-05,0.9999387409291977,6.125907080234416e-05
SEG-038,5,1.5315119526349008e-05,0.9999234267478613,7.657325213872301e-05
SEG-038,6,1.5315119526349008e-05,0.9999081128010634,9.188719893660213e-05
SEG-038,7,1.5315119526349008e-05,0.9998927990888005,0.00010720091119953423
SEG-038,8,1.5315119526349008e-05,0.9998774856110689,0.00012251438893107203
SEG-038,9,1.5315119526349008e-05,0.9998621723678651,0.00013782763213487925
SEG-038,10,1.5315119526349008e-05,0.9998468593591854,0.00015314064081461964
SEG-038,11,1.5315119526349008e-05,0.9998315465850263,0.0001684534149737349
SEG-038,12,1.5315119526349008e-05,0.9998162340453841,0.00018376595461588874
SEG-038,13,1.5315119526349008e-05,0.9998009217402554,0.0001990782597446339
SEG-038,14,1.5315119526349008e-05,0.9997856096696364,0.00021439033036363409
SEG-038,15,1.5315119526349008e-05,0.9997702978335236,0.00022970216647644204
SEG-038,16,1.5315119526349008e-05,0.9997549862319134,0.00024501376808661046
SEG-038,17,1.5315119526349008e-05,0.9997396748648022,0.0002603251351978031
SEG-038,18,1.5315119526349008e-05,0.9997243637321864,0.00027563626781357264
SEG-038,19,1.5315119526349008e-05,0.9997090528340624,0.00029094716593758285
SEG-038,20,1.5315119526349008e-05,0.9996937421704267,0.0003062578295732754
SEG-038,21,1.5315119526349008e-05,0.9996784317412757,0.00032156825872431405
SEG-038,22,1.5315119526349008e-05,0.9996631215466056,0.0003368784533943625
SEG-038,23,1.5315119526349008e-05,0.999647811586413,0.0003521884135869735
SEG-038,24,1.5315119526349008e-05,0.9996325018606943,0.00036749813930569974
SEG-038,25,1.5315119526349008e-05,0.9996171923694459,0.00038280763055409395
SEG-038,26,1.5315119526349008e-05,0.9996018831126642,0.00039811688733581985
SEG-038,27,1.5315119526349008e-05,0.9995865740903456,0.00041342590965443016
SEG-038,28,1.5315119526349008e-05,0.9995712653024864,0.0004287346975135886
SEG-038,29,1.5315119526349008e-05,0.9995559567490832,0.00044404325091684793
SEG-038,30,1.5315119526349008e-05,0.9995406484301322,0.0004593515698677608
SEG-037,1,1.689646887825802e-05,0.9999831035311217,1.689646887825802e-05
SEG-037,2,1.689646887825802e-05,0.9999662073477341,3.3792652265884904e-05
SEG-037,3,1.689646887825802e-05,0.9999493114498323,5.068855016765461e-05
SEG-037,4,1.689646887825802e-05,0.9999324158374115,6.758416258845212e-05
SEG-037,5,1.689646887825802e-05,0.999915520510467,8.44794895330514e-05
SEG-037,6,1.689646887825802e-05,0.9998986254689938,0.0001013745310062264
SEG-037,7,1.689646887825802e-05,0.9998817307129871,0.0001182692870128621
SEG-037,8,1.689646887825802e-05,0.9998648362424422,0.0001351637575578435
SEG-037,9,1.689646887825802e-05,0.9998479420573542,0.0001520579426458335
SEG-037,10,1.689646887825802e-05,0.9998310481577182,0.00016895184228182814
SEG-037,11,1.689646887825802e-05,0.9998141545435295,0.00018584545647049033
SEG-037,12,1.689646887825802e-05,0.9997972612147832,0.0002027387852168161
SEG-037,13,1.689646887825802e-05,0.9997803681714745,0.00021963182852546836
SEG-037,14,1.689646887825802e-05,0.9997634754135987,0.00023652458640133212
SEG-037,15,1.689646887825802e-05,0.9997465829411507,0.00025341705884929233
SEG-037,16,1.689646887825802e-05,0.9997296907541259,0.00027030924587412297
SEG-037,17,1.689646887825802e-05,0.9997127988525194,0.000287201147480598
SEG-037,18,1.689646887825802e-05,0.9996959072363264,0.0003040927636736024
SEG-037,19,1.689646887825802e-05,0.9996790159055421,0.0003209840944579101
SEG-037,20,1.689646887825802e-05,0.9996621248601616,0.0003378751398384061
SEG-037,21,1.689646887825802e-05,0.9996452341001801,0.0003547658998198644
SEG-037,22,1.689646887825802e-05,0.9996283436255928,0.0003716563744071699
SEG-037,23,1.689646887825802e-05,0.9996114534363949,0.00038854656360509665
SEG-037,24,1.689646887825802e-05,0.9995945635325816,0.00040543646741841854
SEG-037,25,1.689646887825802e-05,0.999577673914148,0.0004223260858520206
SEG-037,26,1.689646887825802e-05,0.9995607845810893,0.0004392154189106767
SEG-037,27,1.689646887825802e-05,0.9995438955334007,0.00045610446659927195
SEG-037,28,1.689646887825802e-05,0.9995270067710774,0.0004729932289225802
SEG-037,29,1.689646887825802e-05,0.9995101182941145,0.0004898817058854865
SEG-037,30,1.689646887825802e-05,0.9994932301025072,0.0005067698974927648
SEG-036,1,1.6044754374888726e-05,0.9999839552456251,1.6044754374888726e-05
SEG-036,2,1.6044754374888726e-05,0.9999679107486844,3.208925131559237e-05
SEG-036,3,1.6044754374888726e-05,0.9999518665091737,4.813349082632978e-05
SEG-036,4,1.6044754374888726e-05,0.9999358225270888,6.417747291120879e-05
SEG-036,5,1.6044754374888726e-05,0.9999197788024257,8.022119757433721e-05
SEG-036,6,1.6044754374888726e-05,0.9999037353351802,9.626466481982288e-05
SEG-036,7,1.6044754374888726e-05,0.9998876921253482,0.00011230787465177361
SEG-036,8,1.6044754374888726e-05,0.9998716491729256,0.00012835082707440826
SEG-036,9,1.6044754374888726e-05,0.9998556064779082,0.00014439352209183465
SEG-036,10,1.6044754374888726e-05,0.9998395640402918,0.0001604359597081606
SEG-036,11,1.6044754374888726e-05,0.9998235218600725,0.00017647813992749395
SEG-036,12,1.6044754374888726e-05,0.9998074799372461,0.0001925200627539425
SEG-036,13,1.6044754374888726e-05,0.9997914382718083,0.00020856172819172514
SEG-036,14,1.6044754374888726e-05,0.999775396863755,0.00022460313624494965
SEG-036,15,1.6044754374888726e-05,0.9997593557130823,0.00024064428691772388
SEG-036,16,1.6044754374888726e-05,0.9997433148197858,0.00025668518021415565
SEG-036,17,1.6044754374888726e-05,0.9997272741838616,0.0002727258161383528
SEG-036,18,1.6044754374888726e-05,0.9997112338053055,0.00028876619469453413
SEG-036,19,1.6044754374888726e-05,0.9996951936841132,0.0003048063158868075
SEG-036,20,1.6044754374888726e-05,0.9996791538202807,0.00032084617971928076
SEG-036,21,1.6044754374888726e-05,0.9996631142138039,0.0003368857861960617
SEG-036,22,1.6044754374888726e-05,0.9996470748646787,0.00035292513532125813
SEG-036,23,1.6044754374888726e-05,0.9996310357729009,0.00036896422709908894
SEG-036,24,1.6044754374888726e-05,0.9996149969384664,0.0003850030615335509
SEG-036,25,1.6044754374888726e-05,0.9995989583613711,0.0004010416386288629
SEG-036,26,1.6044754374888726e-05,0.9995829200416109,0.0004170799583891327
SEG-036,27,1.6044754374888726e-05,0.9995668819791814,0.0004331180208185792
SEG-036,28,1.6044754374888726e-05,0.9995508441740788,0.0004491558259211992
SEG-036,29,1.6044754374888726e-05,0.9995348066262988,0.0004651933737012115
SEG-036,30,1.6044754374888726e-05,0.9995187693358373,0.000481230664162724
SEG-035,1,3.277226278441958e-05,0.9999672277372156,3.277226278441958e-05
SEG-035,2,3.277226278441958e-05,0.9999344565484524,6.554345154763386e-05
SEG-035,3,3.277226278441958e-05,0.9999016864336752,9.83135663248369e-05
SEG-035,4,3.277226278441958e-05,0.9998689173928488,0.00013108260715122277
SEG-035,5,3.277226278441958e-05,0.999836149425938,0.00016385057406198555
SEG-035,6,3.277226278441958e-05,0.9998033825329077,0.0001966174670923193
SEG-035,7,3.277226278441958e-05,0.9997706167137226,0.0002293832862774181
SEG-035,8,3.277226278441958e-05,0.9997378519683475,0.000262148031652476
SEG-035,9,3.277226278441958e-05,0.9997050882967473,0.0002949117032526871
SEG-035,10,3.277226278441958e-05,0.9996723256988868,0.00032767430111324547
SEG-035,11,3.277226278441958e-05,0.9996395641747307,0.00036043582526934514
SEG-035,12,3.277226278441958e-05,0.9996068037242438,0.0003931962757561802
SEG-035,13,3.277226278441958e-05,0.999574044347391,0.00042595565260894475
SEG-035,14,3.277226278441958e-05,0.9995412860441372,0.0004587139558628328
SEG-035,15,3.277226278441958e-05,0.9995085288144471,0.0004914711855529275
SEG-035,16,3.277226278441958e-05,0.9994757726582855,0.0005242273417145338
SEG-035,17,3.277226278441958e-05,0.9994430175756173,0.0005569824243827348
SEG-035,18,3.277226278441958e-05,0.9994102635664073,0.0005897364335927247
SEG-035,19,3.277226278441958e-05,0.9993775106306202,0.0006224893693798084
SEG-035,20,3.277226278441958e-05,0.9993447587682209,0.000655241231779069
SEG-035,21,3.277226278441958e-05,0.9993120079791743,0.0006879920208257007
SEG-035,22,3.277226278441958e-05,0.9992792582634452,0.0007207417365547863
SEG-035,23,3.277226278441958e-05,0.9992465096209984,0.0007534903790016312
SEG-035,24,3.277226278441958e-05,0.9992137620517987,0.0007862379482013182
SEG-035,25,3.277226278441958e-05,0.999181015555811,0.0008189844441890415
SEG-035,26,3.277226278441958e-05,0.999148270133,0.0008517298669999951
SEG-035,27,3.277226278441958e-05,0.9991155257833306,0.0008844742166693731
SEG-035,28,3.277226278441958e-05,0.9990827825067676,0.0009172174932323696
SEG-035,29,3.277226278441958e-05,0.9990500403032759,0.0009499596967240675
SEG-035,30,3.277226278441958e-05,0.9990172991728203,0.0009827008271796611
SEG-034,1,5.960902853985317e-05,0.9999403909714601,5.960902853985317e-05
SEG-034,2,5.960902853985317e-05,0.9998807854961566,0.00011921450384344556
SEG-034,3,5.960902853985317e-05,0.9998211835738775,0.0001788164261224967
SEG-034,4,5.960902853985317e-05,0.999761585204411,0.00023841479558894818
SEG-034,5,5.960902853985317e-05,0.9997019903875456,0.0002980096124544085
SEG-034,6,5.960902853985317e-05,0.9996423991230692,0.0003576008769308192
SEG-034,7,5.960902853985317e-05,0.9995828114107702,0.00041718858922978885
SEG-034,8,5.960902853985317e-05,0.9995232272504369,0.00047677274956314797
SEG-034,9,5.960902853985317e-05,0.9994636466418574,0.0005363533581426161
SEG-034,10,5.960902853985317e-05,0.9994040695848202,0.0005959304151798017
SEG-034,11,5.960902853985317e-05,0.9993444960791135,0.0006555039208865354
SEG-034,12,5.960902853985317e-05,0.9992849261245256,0.0007150738754744257
SEG-034,13,5.960902853985317e-05,0.9992253597208448,0.0007746402791551921
SEG-034,14,5.960902853985317e-05,0.9991657968678594,0.0008342031321405541
SEG-034,15,5.960902853985317e-05,0.9991062375653579,0.0008937624346421202
SEG-034,16,5.960902853985317e-05,0.9990466818131285,0.000953318186871499
SEG-034,17,5.960902853985317e-05,0.9989871296109597,0.001012870389040299
SEG-034,18,5.960902853985317e-05,0.9989275809586398,0.0010724190413602397
SEG-034,19,5.960902853985317e-05,0.9988680358559572,0.0011319641440428185
SEG-034,20,5.960902853985317e-05,0.9988084943027002,0.001191505697299755
SEG-034,21,5.960902853985317e-05,0.9987489562986575,0.0012510437013425468
SEG-034,22,5.960902853985317e-05,0.9986894218436173,0.0013105781563826913
SEG-034,23,5.960902853985317e-05,0.9986298909373682,0.0013701090626317969
SEG-034,24,5.960902853985317e-05,0.9985703635796985,0.0014296364203014722
SEG-034,25,5.960902853985317e-05,0.9985108397703969,0.0014891602296031037
SEG-034,26,5.960902853985317e-05,0.9984513195092517,0.0015486804907482998
SEG-034,27,5.960902853985317e-05,0.9983918027960514,0.0016081972039485581
SEG-034,28,5.960902853985317e-05,0.9983322896305846,0.001667710369415376
SEG-034,29,5.960902853985317e-05,0.9982727800126397,0.0017272199873602512
SEG-034,30,5.960902853985317e-05,0.9982132739420054,0.0017867260579945698
SEG-033,1,4.47080128651578e-05,0.9999552919871348,4.47080128651578e-05
SEG-033,2,4.47080128651578e-05,0.9999105859730761,8.941402692386191e-05
SEG-033,3,4.47080128651578e-05,0.9998658819577344,0.00013411804226559632
SEG-033,4,4.47080128651578e-05,0.9998211799410204,0.00017882005897962294
SEG-033,5,4.47080128651578e-05,0.9997764799228447,0.00022352007715531474
SEG-033,6,4.47080128651578e-05,0.9997317819031181,0.00026821809688193365
SEG-033,7,4.47080128651578e-05,0.999687085881751,0.00031291411824896365
SEG-033,8,4.47080128651578e-05,0.9996423918586543,0.00035760814134566665
SEG-033,9,4.47080128651578e-05,0.9995976998337386,0.0004023001662614156
SEG-033,10,4.47080128651578e-05,0.9995530098069144,0.0004469901930855835
SEG-033,11,4.47080128651578e-05,0.9995083217780926,0.0004916782219074323
SEG-033,12,4.47080128651578e-05,0.9994636357471837,0.0005363642528163348
SEG-033,13,4.47080128651578e-05,0.9994189517140984,0.0005810482859015531
SEG-033,14,4.47080128651578e-05,0.9993742696787475,0.0006257303212524601
SEG-033,15,4.47080128651578e-05,0.9993295896410417,0.0006704103589583177
SEG-033,16,4.47080128651578e-05,0.9992849116008915,0.0007150883991084989
SEG-033,17,4.47080128651578e-05,0.9992402355582077,0.0007597644417922655
SEG-033,18,4.47080128651578e-05,0.999195561512901,0.0008044384870989907
SEG-033,19,4.47080128651578e-05,0.9991508894648821,0.0008491105351179362
SEG-033,20,4.47080128651578e-05,0.9991062194140616,0.0008937805859383641
SEG-033,21,4.47080128651578e-05,0.9990615513603505,0.0009384486396495362
SEG-033,22,4.47080128651578e-05,0.9990168853036592,0.0009831146963408255
SEG-033,23,4.47080128651578e-05,0.9989722212438985,0.001027778756101494
SEG-033,24,4.47080128651578e-05,0.9989275591809792,0.0010724408190208035
SEG-033,25,4.47080128651578e-05,0.998882899114812,0.001117100885188016
SEG-033,26,4.47080128651578e-05,0.9988382410453076,0.0011617589546923934
SEG-033,27,4.47080128651578e-05,0.9987935849723767,0.0012064150276233088
SEG-033,28,4.47080128651578e-05,0.9987489308959301,0.001251069104069913
SEG-033,29,4.47080128651578e-05,0.9987042788158785,0.0012957211841214678
SEG-033,30,4.47080128651578e-05,0.9986596287321328,0.0013403712678672353
SEG-031,1,3.456789636402391e-05,0.999965432103636,3.456789636402391e-05
SEG-031,2,3.456789636402391e-05,0.9999308654022114,6.913459778856712e-05
SEG-031,3,3.456789636402391e-05,0.9998962998956851,0.00010370010431492993
SEG-031,4,3.456789636402391e-05,0.9998617355840155,0.00013826441598452366
SEG-031,5,3.456789636402391e-05,0.9998271724671615,0.00017282753283853758
SEG-031,6,3.456789636402391e-05,0.9997926105450817,0.000207389454918272
SEG-031,7,3.456789636402391e-05,0.9997580498177349,0.0002419501822651382
SEG-031,8,3.456789636402391e-05,0.9997234902850797,0.0002765097149203255
SEG-031,9,3.456789636402391e-05,0.9996889319470749,0.0003110680529251342
SEG-031,10,3.456789636402391e-05,0.999654374803679,0.00034562519632097555
SEG-031,11,3.456789636402391e-05,0.999619818854851,0.0003801811451490389
SEG-031,12,3.456789636402391e-05,0.9995852641005494,0.0004147358994506245
SEG-031,13,3.456789636402391e-05,0.999550710540733,0.0004492894592670327
SEG-031,14,3.456789636402391e-05,0.9995161581753604,0.0004838418246395637
SEG-031,15,3.456789636402391e-05,0.9994816070043905,0.0005183929956095179
SEG-031,16,3.456789636402391e-05,0.9994470570277818,0.0005529429722181955
SEG-031,17,3.456789636402391e-05,0.9994125082454931,0.000587491754506897
SEG-031,18,3.456789636402391e-05,0.9993779606574832,0.0006220393425168114
SEG-031,19,3.456789636402391e-05,0.9993434142637106,0.0006565857362893501
SEG-031,20,3.456789636402391e-05,0.9993088690641343,0.0006911309358657025
SEG-031,21,3.456789636402391e-05,0.9992743250587128,0.0007256749412871688
SEG-031,22,3.456789636402391e-05,0.999239782247405,0.0007602177525950493
SEG-031,23,3.456789636402391e-05,0.9992052406301695,0.0007947593698305333
SEG-031,24,3.456789636402391e-05,0.999170700206965,0.0008292997930350321
SEG-031,25,3.456789636402391e-05,0.9991361609777503,0.000863839022249735
SEG-031,26,3.456789636402391e-05,0.9991016229424841,0.0008983770575159422
SEG-031,27,3.456789636402391e-05,0.999067086101125,0.0009329138988749541
SEG-031,28,3.456789636402391e-05,0.999032550453632,0.00096744954636796
SEG-031,29,3.456789636402391e-05,0.9989980159999636,0.0010019840000363711
SEG-031,30,3.456789636402391e-05,0.9989634827400786,0.0010365172599213768
SEG-030,1,6.1081736930646e-05,0.9999389182630694,6.1081736930646e-05
SEG-030,2,6.1081736930646e-05,0.9998778402571173,0.00012215974288265485
SEG-030,3,6.1081736930646e-05,0.9998167659819159,0.00018323401808406636
SEG-030,4,6.1081736930646e-05,0.9997556954372374,0.0002443045627625873
SEG-030,5,6.1081736930646e-05,0.9996946286228539,0.00030537137714614637
SEG-030,6,6.1081736930646e-05,0.9996335655385373,0.00036643446146267245
SEG-030,7,6.1081736930646e-05,0.99957250618406,0.00042749381593998326
SEG-030,8,6.1081736930646e-05,0.9995114505591942,0.0004885494408057856
SEG-030,9,6.1081736930646e-05,0.999450398663712,0.0005496013362880081
SEG-030,10,6.1081736930646e-05,0.9993893504973855,0.0006106495026144687
SEG-030,11,6.1081736930646e-05,0.9993283060599871,0.0006716939400128741
SEG-030,12,6.1081736930646e-05,0.9992672653512891,0.000732734648710931
SEG-030,13,6.1081736930646e-05,0.9992062283710634,0.0007937716289365682
SEG-030,14,6.1081736930646e-05,0.9991451951190826,0.0008548048809173814
SEG-030,15,6.1081736930646e-05,0.9990841655951188,0.0009158344048811884
SEG-030,16,6.1081736930646e-05,0.9990231397989443,0.000976860201055696
SEG-030,17,6.1081736930646e-05,0.9989621177303315,0.0010378822696684997
SEG-030,18,6.1081736930646e-05,0.9989010993890526,0.0010989006109474175
SEG-030,19,6.1081736930646e-05,0.99884008477488,0.001159915225120045
SEG-030,20,6.1081736930646e-05,0.9987790738875859,0.001220926112414089
SEG-030,21,6.1081736930646e-05,0.9987180667269429,0.0012819332730571453
SEG-030,22,6.1081736930646e-05,0.9986570632927232,0.0013429367072768095
SEG-030,23,6.1081736930646e-05,0.9985960635846992,0.0014039364153007883
SEG-030,24,6.1081736930646e-05,0.9985350676026433,0.0014649323973566775
SEG-030,25,6.1081736930646e-05,0.998474075346328,0.0015259246536719617
SEG-030,26,6.1081736930646e-05,0.9984130868155257,0.0015869131844743478
SEG-030,27,6.1081736930646e-05,0.9983521020100087,0.0016478979899913204
SEG-030,28,6.1081736930646e-05,0.9982911209295495,0.0017088790704504753
SEG-030,29,6.1081736930646e-05,0.9982301435739207,0.001769856426079297
SEG-030,30,6.1081736930646e-05,0.9981691699428947,0.0018308300571052705
SEG-029,1,3.801548882620409e-05,0.9999619845111738,3.801548882620409e-05
SEG-029,2,3.801548882620409e-05,0.999923970467525,7.6029532474986e-05
SEG-029,3,3.801548882620409e-05,0.9998859578689987,0.00011404213100130178
SEG-029,4,3.801548882620409e-05,0.9998479467155399,0.00015205328446010746
SEG-029,5,3.801548882620409e-05,0.9998099370070936,0.00019006299290635909
SEG-029,6,3.801548882620409e-05,0.999771928743605,0.0002280712563950127
SEG-029,7,3.801548882620409e-05,0.9997339219250191,0.0002660780749809133
SEG-029,8,3.801548882620409e-05,0.999695916551281,0.00030408344871901694
SEG-029,9,3.801548882620409e-05,0.9996579126223357,0.00034208737766427966
SEG-029,10,3.801548882620409e-05,0.9996199101381285,0.0003800898618715465
SEG-029,11,3.801548882620409e-05,0.9995819090986041,0.00041809090139588445
SEG-029,12,3.801548882620409e-05,0.9995439095037079,0.0004560904962921386
SEG-029,13,3.801548882620409e-05,0.9995059113533848,0.000494088646615154
SEG-029,14,3.801548882620409e-05,0.9994679146475801,0.0005320853524198865
SEG-029,15,3.801548882620409e-05,0.9994299193862387,0.0005700806137612924
SEG-029,16,3.801548882620409e-05,0.9993919255693057,0.0006080744306943275
SEG-029,17,3.801548882620409e-05,0.9993539331967262,0.000646066803273837
SEG-029,18,3.801548882620409e-05,0.9993159422684453,0.0006840577315546659
SEG-029,19,3.801548882620409e-05,0.9992779527844082,0.0007220472155917701
SEG-029,20,3.801548882620409e-05,0.9992399647445599,0.0007600352554401058
SEG-029,21,3.801548882620409e-05,0.9992019781488455,0.0007980218511545178
SEG-029,22,3.801548882620409e-05,0.99916399299721,0.0008360070027899624
SEG-029,23,3.801548882620409e-05,0.9991260092895987,0.0008739907104012845
SEG-029,24,3.801548882620409e-05,0.9990880270259566,0.0009119729740434401
SEG-029,25,3.801548882620409e-05,0.9990500462062287,0.0009499537937712743
SEG-029,26,3.801548882620409e-05,0.9990120668303604,0.000987933169639632
SEG-029,27,3.801548882620409e-05,0.9989740888982965,0.0010259111017034694
SEG-029,28,3.801548882620409e-05,0.9989361124099824,0.0010638875900176314
SEG-029,29,3.801548882620409e-05,0.9988981373653629,0.0011018626346370741
SEG-029,30,3.801548882620409e-05,0.9988601637643834,0.0011398362356166425
SEG-028,1,0.00014482259575743228,0.9998551774042426,0.00014482259575743228
SEG-028,2,0.00014482259575743228,0.9997103757820693,0.00028962421793066184
SEG-028,3,0.00014482259575743228,0.999565595130443,0.00043440486955703683
SEG-028,4,0.00014482259575743228,0.9994208354463263,0.0005791645536736834
SEG-028,5,0.00014482259575743228,0.9992760967266829,0.0007239032733170614
SEG-028,6,0.00014482259575743228,0.9991313789684766,0.0008686210315234089
SEG-028,7,0.00014482259575743228,0.9989866821686717,0.0010133178313282976
SEG-028,8,0.00014482259575743228,0.9988420063242329,0.0011579936757670772
SEG-028,9,0.00014482259575743228,0.9986973514321255,0.0013026485678745425
SEG-028,10,0.00014482259575743228,0.998552717489315,0.001447282510685044
SEG-028,11,0.00014482259575743228,0.9984081044927675,0.001591895507232488
SEG-028,12,0.00014482259575743228,0.9982635124394497,0.0017364875605503372
SEG-028,13,0.00014482259575743228,0.9981189413263283,0.0018810586736717205
SEG-028,14,0.00014482259575743228,0.9979743911503708,0.0020256088496292124
SEG-028,15,0.00014482259575743228,0.997829861908545,0.002170138091455054
SEG-028,16,0.00014482259575743228,0.9976853535978191,0.002314646402180931
SEG-028,17,0.00014482259575743228,0.9975408662151619,0.0024591337848380856
SEG-028,18,0.00014482259575743228,0.9973963997575425,0.0026036002424575377
SEG-028,19,0.00014482259575743228,0.9972519542219305,0.00274804577806953
SEG-028,20,0.00014482259575743228,0.9971075296052959,0.002892470394704083
SEG-028,21,0.00014482259575743228,0.9969631259046092,0.0030368740953907736
SEG-028,22,0.00014482259575743228,0.9968187431168413,0.003181256883158734
SEG-028,23,0.00014482259575743228,0.9966743812389635,0.0033256187610365417
SEG-028,24,0.00014482259575743228,0.9965300402679474,0.003469959732052552
SEG-028,25,0.00014482259575743228,0.9963857202007655,0.0036142797992344544
SEG-028,26,0.00014482259575743228,0.9962414210343904,0.0037585789656096047
SEG-028,27,0.00014482259575743228,0.9960971427657951,0.003902857234204915
SEG-028,28,0.00014482259575743228,0.9959528853919531,0.004047114608046853
SEG-028,29,0.00014482259575743228,0.9958086489098386,0.004191351090161444
SEG-028,30,0.00014482259575743228,0.9956644333164257,0.004335566683574266
SEG-027,1,1.690102908469271e-05,0.9999830989709153,1.690102908469271e-05
SEG-027,2,1.690102908469271e-05,0.9999661982274753,3.380177252465533e-05
SEG-027,3,1.690102908469271e-05,0.9999492977696753,5.070223032466181e-05
SEG-027,4,1.690102908469271e-05,0.9999323975975105,6.760240248948612e-05
SEG-027,5,1.690102908469271e-05,0.999915497710976,8.450228902401324e-05
SEG-027,6,1.690102908469271e-05,0.999898598110067,0.00010140188993301713
SEG-027,7,1.690102908469271e-05,0.9998816987947786,0.00011830120522138277
SEG-027,8,1.690102908469271e-05,0.999864799765106,0.00013520023489399513
SEG-027,9,1.690102908469271e-05,0.9998479010210444,0.00015209897895562818
SEG-027,10,1.690102908469271e-05,0.9998310025625889,0.00016899743741105588
SEG-027,11,1.690102908469271e-05,0.9998141043897348,0.00018589561026516321
SEG-027,12,1.690102908469271e-05,0.9997972065024773,0.00020279349752272413
SEG-027,13,1.690102908469271e-05,0.9997803089008114,0.00021969109918862362
SEG-027,14,1.690102908469271e-05,0.9997634115847324,0.00023658841526763563
SEG-027,15,1.690102908469271e-05,0.9997465145542354,0.00025348544576464516
SEG-027,16,1.690102908469271e-05,0.9997296178093156,0.00027038219068442615
SEG-027,17,1.690102908469271e-05,0.9997127213499681,0.0002872786500318636
SEG-027,18,1.690102908469271e-05,0.9996958251761883,0.00030417482381173144
SEG-027,19,1.690102908469271e-05,0.9996789292879711,0.0003210707120289147
SEG-027,20,1.690102908469271e-05,0.9996620336853118,0.0003379663146881873
SEG-027,21,1.690102908469271e-05,0.9996451383682057,0.0003548616317943232
SEG-027,22,1.690102908469271e-05,0.9996282433366478,0.00037175666335220736
SEG-027,23,1.690102908469271e-05,0.9996113485906333,0.0003886514093667248
SEG-027,24,1.690102908469271e-05,0.9995944541301574,0.0004055458698426495
SEG-027,25,1.690102908469271e-05,0.9995775599552152,0.0004224400447847554
SEG-027,26,1.690102908469271e-05,0.9995606660658021,0.00043933393419792743
SEG-027,27,1.690102908469271e-05,0.999543772461913,0.00045622753808705063
SEG-027,28,1.690102908469271e-05,0.9995268791435431,0.00047312085645689894
SEG-027,29,1.690102908469271e-05,0.9995099861106878,0.0004900138893122463
SEG-027,30,1.690102908469271e-05,0.999493093363342,0.0005069066366579777
SEG-026,1,1.3216028492024634e-05,0.999986783971508,1.3216028492024634e-05
SEG-026,2,1.3216028492024634e-05,0.9999735681176793,2.643188232065441e-05
SEG-026,3,1.3216028492024634e-05,0.9999603524385118,3.9647561488220795e-05
SEG-026,4,1.3216028492024634e-05,0.9999471369340031,5.2863065996944236e-05
SEG-026,5,1.3216028492024634e-05,0.9999339216041508,6.60783958491562e-05
SEG-026,6,1.3216028492024634e-05,0.9999207064489528,7.929355104718816e-05
SEG-026,7,1.3216028492024634e-05,0.9999074914684066,9.250853159337158e-05
SEG-026,8,1.3216028492024634e-05,0.99989427666251,0.00010572333749003793
SEG-026,9,1.3216028492024634e-05,0.9998810620312606,0.00011893796873940765
SEG-026,10,1.3216028492024634e-05,0.9998678475746562,0.00013215242534381222
SEG-026,11,1.3216028492024634e-05,0.9998546332926944,0.0001453667073055831
SEG-026,12,1.3216028492024634e-05,0.999841419185373,0.00015858081462705176
SEG-026,13,1.3216028492024634e-05,0.9998282052526895,0.00017179474731054967
SEG-026,14,1.3216028492024634e-05,0.9998149914946417,0.00018500850535829727
SEG-026,15,1.3216028492024634e-05,0.9998017779112274,0.00019822208877262604
SEG-026,16,1.3216028492024634e-05,0.9997885645024441,0.00021143549755586744
SEG-026,17,1.3216028492024634e-05,0.9997753512682896,0.00022464873171035293
SEG-026,18,1.3216028492024634e-05,0.9997621382087617,0.00023786179123830298
SEG-026,19,1.3216028492024634e-05,0.9997489253238578,0.00025107467614216006
SEG-026,20,1.3216028492024634e-05,0.9997357126135759,0.0002642873864241446
SEG-026,21,1.3216028492024634e-05,0.9997225000779134,0.00027749992208658814
SEG-026,22,1.3216028492024634e-05,0.9997092877168683,0.00029071228313171105
SEG-026,23,1.3216028492024634e-05,0.999696075530438,0.00030392446956195585
SEG-026,24,1.3216028492024634e-05,0.9996828635186205,0.000317136481379543
SEG-026,25,1.3216028492024634e-05,0.9996696516814132,0.0003303483185868039
SEG-026,26,1.3216028492024634e-05,0.9996564400188139,0.0003435599811860701
SEG-026,27,1.3216028492024634e-05,0.9996432285308204,0.00035677146917956204
SEG-026,28,1.3216028492024634e-05,0.9996300172174303,0.00036998278256972217
SEG-026,29,1.3216028492024634e-05,0.9996168060786412,0.00038319392135877095
SEG-026,30,1.3216028492024634e-05,0.999603595114451,0.00039640488554903985
SEG-048,1,2.592897908471059e-05,0.9999740710209153,2.592897908471059e-05
SEG-048,2,2.592897908471059e-05,0.9999481427141426,5.185728585743732e-05
SEG-048,3,2.592897908471059e-05,0.9999222150796643,7.778492033572171e-05
SEG-048,4,2.592897908471059e-05,0.9998962881174631,0.00010371188253688324
SEG-048,5,2.592897908471059e-05,0.9998703618275216,0.0001296381724783524
SEG-048,6,2.592897908471059e-05,0.9998444362098224,0.00015556379017755972
SEG-048,7,2.592897908471059e-05,0.999818511264348,0.0001814887356520467
SEG-048,8,2.592897908471059e-05,0.9997925869910809,0.00020741300891913284
SEG-048,9,2.592897908471059e-05,0.9997666633900038,0.0002333366099962486
SEG-048,10,2.592897908471059e-05,0.9997407404610992,0.00025925953890082454
SEG-048,11,2.592897908471059e-05,0.9997148182043496,0.00028518179565040214
SEG-048,12,2.592897908471059e-05,0.9996888966197377,0.0003111033802623009
SEG-048,13,2.592897908471059e-05,0.999662975707246,0.0003370242927539513
SEG-048,14,2.592897908471059e-05,0.9996370554668572,0.00036294453314278385
SEG-048,15,2.592897908471059e-05,0.9996111358985537,0.0003888641014463401
SEG-048,16,2.592897908471059e-05,0.9995852170023181,0.0004147829976819395
SEG-048,17,2.592897908471059e-05,0.999559298778133,0.00044070122186701255
SEG-048,18,2.592897908471059e-05,0.999533381225981,0.00046661877401898977
SEG-048,19,2.592897908471059e-05,0.9995074643458447,0.0004925356541553016
SEG-048,20,2.592897908471059e-05,0.9994815481377066,0.0005184518622933787
SEG-048,21,2.592897908471059e-05,0.9994556326015495,0.0005443673984505404
SEG-048,22,2.592897908471059e-05,0.9994297177373557,0.0005702822626443282
SEG-048,23,2.592897908471059e-05,0.9994038035451078,0.0005961964548921728
SEG-048,24,2.592897908471059e-05,0.9993778900247885,0.0006221099752115045
SEG-048,25,2.592897908471059e-05,0.9993519771763804,0.0006480228236196428
SEG-048,26,2.592897908471059e-05,0.9993260649998659,0.0006739350001341293
SEG-048,27,2.592897908471059e-05,0.9993001534952277,0.0006998465047722835
SEG-048,28,2.592897908471059e-05,0.9992742426624484,0.0007257573375516468
SEG-048,29,2.592897908471059e-05,0.9992483325015105,0.0007516674984895388
SEG-048,30,2.592897908471059e-05,0.9992224230123966,0.00077757698760339
SEG-050,1,1.3216028492024634e-05,0.999986783971508,1.3216028492024634e-05
SEG-050,2,1.3216028492024634e-05,0.9999735681176793,2.643188232065441e-05
SEG-050,3,1.3216028492024634e-05,0.9999603524385118,3.9647561488220795e-05
SEG-050,4,1.3216028492024634e-05,0.9999471369340031,5.2863065996944236e-05
SEG-050,5,1.3216028492024634e-05,0.9999339216041508,6.60783958491562e-05
SEG-050,6,1.3216028492024634e-05,0.9999207064489528,7.929355104718816e-05
SEG-050,7,1.3216028492024634e-05,0.9999074914684066,9.250853159337158e-05
SEG-050,8,1.3216028492024634e-05,0.99989427666251,0.00010572333749003793
SEG-050,9,1.3216028492024634e-05,0.9998810620312606,0.00011893796873940765
SEG-050,10,1.3216028492024634e-05,0.9998678475746562,0.00013215242534381222
SEG-050,11,1.3216028492024634e-05,0.9998546332926944,0.0001453667073055831
SEG-050,12,1.3216028492024634e-05,0.999841419185373,0.00015858081462705176
SEG-050,13,1.3216028492024634e-05,0.9998282052526895,0.00017179474731054967
SEG-050,14,1.3216028492024634e-05,0.9998149914946417,0.00018500850535829727
SEG-050,15,1.3216028492024634e-05,0.9998017779112274,0.00019822208877262604
SEG-050,16,1.3216028492024634e-05,0.9997885645024441,0.00021143549755586744
SEG-050,17,1.3216028492024634e-05,0.9997753512682896,0.00022464873171035293
SEG-050,18,1.3216028492024634e-05,0.9997621382087617,0.00023786179123830298
SEG-050,19,1.3216028492024634e-05,0.9997489253238578,0.00025107467614216006
SEG-050,20,1.3216028492024634e-05,0.9997357126135759,0.0002642873864241446
SEG-050,21,1.3216028492024634e-05,0.9997225000779134,0.00027749992208658814
SEG-050,22,1.3216028492024634e-05,0.9997092877168683,0.00029071228313171105
SEG-050,23,1.3216028492024634e-05,0.999696075530438,0.00030392446956195585
SEG-050,24,1.3216028492024634e-05,0.9996828635186205,0.000317136481379543
SEG-050,25,1.3216028492024634e-05,0.9996696516814132,0.0003303483185868039
SEG-050,26,1.3216028492024634e-05,0.9996564400188139,0.0003435599811860701
SEG-050,27,1.3216028492024634e-05,0.9996432285308204,0.00035677146917956204
SEG-050,28,1.3216028492024634e-05,0.9996300172174303,0.00036998278256972217
SEG-050,29,1.3216028492024634e-05,0.9996168060786412,0.00038319392135877095
SEG-050,30,1.3216028492024634e-05,0.999603595114451,0.00039640488554903985
